id,full name,schol grade,email,gender,height,weight,speciality
1,Dennison Doddridge,11,ddoddridge0@meetup.com,Male,1.79,60.38,Human Resources
2,Iris Poyle,18,ipoyle1@timesonline.co.uk,Female,1.71,83.14,Training
3,Gar Moralee,18,gmoralee2@gizmodo.com,Male,1.84,60.57,Business Development
4,Gavin Segge,13,gsegge3@networkadvertising.org,Male,1.13,85.66,Training
5,Elka Crauford,19,ecrauford4@aol.com,Female,1.09,70.47,Training
6,Rahel Kerfod,14,rkerfod5@ehow.com,Female,1.76,82.14,Research and Development
7,Albie Hubner,13,ahubner6@google.co.jp,Male,1.35,65.25,Training
8,Emmit Deeth,14,edeeth7@miitbeian.gov.cn,Genderfluid,1.8,71.56,Human Resources
9,Seamus Matuszak,16,smatuszak8@youtu.be,Male,1.06,69.2,Legal
10,Lorne Casacchia,15,lcasacchia9@cnet.com,Non-binary,1.52,73.14,Research and Development
11,Cristen Grooby,19,cgroobya@devhub.com,Female,1.52,87.43,Services
12,Gill Burdikin,10,gburdikinb@miibeian.gov.cn,Female,1.07,66.21,Marketing
13,Erich Tocque,16,etocquec@wiley.com,Male,1.19,78.67,Research and Development
14,Brannon Milsom,10,bmilsomd@hud.gov,Male,1.77,86.21,Support
15,Gideon Harken,14,gharkene@vinaora.com,Male,1.06,81.86,Engineering
16,Marve Stroder,10,mstroderf@home.pl,Male,1.37,60.39,Human Resources
17,Scarface Nequest,17,snequestg@ucoz.com,Male,1.79,66.85,Support
18,Sonny Kilgrew,12,skilgrewh@boston.com,Female,1.12,68.52,Business Development
19,Carey Rabbage,18,crabbagei@pcworld.com,Male,1.76,77.13,Product Management
20,Ranique Lehmann,14,rlehmannj@illinois.edu,Female,1.5,73.37,Training
21,Darryl Wood,11,dwoodk@phoca.cz,Male,1.56,72.6,Legal
22,Wilden Crees,12,wcreesl@globo.com,Male,1.65,79.33,Product Management
23,Shawn Pimlock,14,spimlockm@kickstarter.com,Female,1.96,70.25,Marketing
24,Justin Stokes,15,jstokesn@state.tx.us,Male,1.73,89.04,Research and Development
25,Kevin Metts,14,kmettso@irs.gov,Male,1.36,61.09,Marketing
26,Cristine Renoden,13,crenodenp@bbc.co.uk,Female,1.49,61.14,Sales
27,Riobard Farncomb,17,rfarncombq@nyu.edu,Male,1.82,68.88,Engineering
28,Abram Beetham,15,abeethamr@delicious.com,Male,1.88,84.19,Engineering
29,Malory Sleaford,19,msleafords@yellowpages.com,Agender,1.04,81.33,Accounting
30,Lilllie Cramb,10,lcrambt@baidu.com,Female,1.77,65.23,Business Development
31,Dulsea Danielsohn,10,ddanielsohnu@cpanel.net,Female,1.89,85.91,Human Resources
32,Keefer Broadbere,11,kbroadberev@etsy.com,Male,1.19,65.71,Accounting
33,Darb Kliement,17,dkliementw@php.net,Male,1.44,65.07,Legal
34,Buck Durram,14,bdurramx@hexun.com,Male,1.97,87.91,Sales
35,Warner Feldbaum,13,wfeldbaumy@php.net,Male,1.37,86.26,Sales
36,Dick Hinchon,15,dhinchonz@fastcompany.com,Male,1.62,88.26,Human Resources
37,Nollie Cormack,17,ncormack10@ihg.com,Female,1.26,77.66,Product Management
38,Efren Cosbee,13,ecosbee11@usatoday.com,Male,1.97,60.2,Legal
39,Garnet Danne,11,gdanne12@mayoclinic.com,Non-binary,1.47,76.43,Services
40,Sianna MacClay,16,smacclay13@dyndns.org,Female,1.15,86.47,Product Management
41,Katey Wolfenden,18,kwolfenden14@sbwire.com,Female,1.96,73.53,Engineering
42,Lily Stollenwerck,12,lstollenwerck15@harvard.edu,Female,1.05,61.85,Sales
43,Tiertza Tomalin,14,ttomalin16@psu.edu,Genderfluid,1.42,78.54,Training
44,Micky Sawart,12,msawart17@upenn.edu,Female,1.26,83.95,Legal
45,Rock Ollcott,13,rollcott18@gov.uk,Male,1.66,61.27,Sales
46,Raddie Abrahamowitcz,11,rabrahamowitcz19@netscape.com,Male,1.2,87.27,Product Management
47,Ferrell Emeny,10,femeny1a@xing.com,Male,1.64,86.04,Marketing
48,Collete Gussie,16,cgussie1b@theglobeandmail.com,Female,2.0,63.33,Legal
49,Rourke Andreazzi,15,randreazzi1c@bbb.org,Male,1.45,75.15,Accounting
50,Cornelia Dobinson,15,cdobinson1d@artisteer.com,Female,1.38,84.79,Product Management
51,Hazel Athelstan,17,hathelstan1e@scribd.com,Female,1.66,69.21,Sales
52,Harcourt Colvin,19,hcolvin1f@columbia.edu,Male,1.85,82.62,Accounting
53,Ambros Hastilow,18,ahastilow1g@friendfeed.com,Male,1.87,89.65,Support
54,Ingeberg Van den Velden,11,ivan1h@yahoo.co.jp,Female,1.48,72.83,Engineering
55,Fons Bote,15,fbote1i@samsung.com,Male,1.85,70.74,Product Management
56,Maiga Dyster,13,mdyster1j@washington.edu,Female,1.11,88.53,Accounting
57,Merissa Andrivel,13,mandrivel1k@newyorker.com,Female,1.65,72.05,Accounting
58,Carri Havile,15,chavile1l@discuz.net,Female,1.72,83.51,Legal
59,Arley Pero,15,apero1m@miibeian.gov.cn,Male,1.47,69.59,Sales
60,Maiga Alwood,16,malwood1n@opera.com,Female,1.32,61.59,Sales
61,Tildi Laxson,12,tlaxson1o@geocities.com,Female,1.7,78.89,Training
62,Karolina Pearch,19,kpearch1p@dagondesign.com,Non-binary,1.15,87.44,Product Management
63,Hasty Hyland,14,hhyland1q@miibeian.gov.cn,Non-binary,1.47,78.36,Legal
64,Maudie Raimbauld,16,mraimbauld1r@tamu.edu,Female,1.29,86.01,Research and Development
65,Eryn Kloisner,12,ekloisner1s@facebook.com,Female,1.55,77.55,Support
66,Bax Statton,17,bstatton1t@psu.edu,Male,1.37,75.74,Engineering
67,Con Ceresa,19,cceresa1u@ihg.com,Female,1.76,88.97,Research and Development
68,Amerigo Comsty,13,acomsty1v@ask.com,Male,1.22,61.51,Research and Development
69,Vivianna Sargeant,19,vsargeant1w@comcast.net,Female,1.94,77.74,Human Resources
70,Adelind Garbott,12,agarbott1x@etsy.com,Female,1.83,75.03,Support
71,Parker Gonnin,11,pgonnin1y@wikispaces.com,Male,1.73,87.23,Legal
72,Reta Lissandrini,14,rlissandrini1z@mozilla.org,Female,1.29,67.51,Training
73,Grantley McBrearty,18,gmcbrearty20@aol.com,Male,1.76,85.64,Sales
74,Bart Childers,18,bchilders21@huffingtonpost.com,Male,1.92,70.34,Research and Development
75,Katleen Boulding,11,kboulding22@aboutads.info,Genderqueer,1.88,69.52,Research and Development
76,Valentin Shavel,15,vshavel23@comsenz.com,Male,1.13,64.13,Sales
77,Cate Hacquoil,19,chacquoil24@purevolume.com,Female,1.49,77.12,Support
78,Lyn Benditt,17,lbenditt25@tmall.com,Male,1.19,86.08,Marketing
79,Tadio Gercken,16,tgercken26@imgur.com,Male,1.98,69.17,Business Development
80,Ethelda Brockton,11,ebrockton27@google.co.uk,Female,1.56,85.16,Business Development
81,Mychal Bridgestock,19,mbridgestock28@cnbc.com,Male,1.26,89.33,Sales
82,Lilian Magovern,10,lmagovern29@reddit.com,Female,1.55,82.07,Engineering
83,Dill Derham,17,dderham2a@over-blog.com,Male,1.64,60.86,Services
84,Demott Crutcher,18,dcrutcher2b@desdev.cn,Male,1.86,75.68,Services
85,Reba Hurley,11,rhurley2c@apache.org,Female,1.72,82.84,Research and Development
86,Jerrilyn Meffin,18,jmeffin2d@marketwatch.com,Female,1.09,82.75,Sales
87,Terri Ogelsby,19,togelsby2e@mac.com,Male,1.76,75.77,Engineering
88,Kristos Caddock,14,kcaddock2f@wikia.com,Male,1.44,60.99,Sales
89,Itch Dunwoody,14,idunwoody2g@prweb.com,Male,1.88,86.3,Marketing
90,Karel Ralphs,12,kralphs2h@adobe.com,Non-binary,1.37,76.93,Support
91,Mordecai Binder,18,mbinder2i@prlog.org,Male,1.19,80.72,Product Management
92,Thedric Scoles,14,tscoles2j@reddit.com,Genderqueer,1.59,79.44,Marketing
93,Frankie Rickeard,12,frickeard2k@mozilla.com,Female,1.37,88.99,Product Management
94,Lindon Sleany,13,lsleany2l@wikia.com,Male,1.24,65.62,Accounting
95,Elsa Mannagh,13,emannagh2m@nhs.uk,Female,1.1,67.88,Research and Development
96,Averil Bosher,12,abosher2n@theguardian.com,Genderfluid,1.54,75.46,Marketing
97,Avrom Lintott,19,alintott2o@nsw.gov.au,Male,1.2,60.52,Services
98,Dulsea Herche,12,dherche2p@rediff.com,Bigender,1.89,79.54,Engineering
99,Edmund McCurlye,17,emccurlye2q@thetimes.co.uk,Male,1.14,64.69,Engineering
100,Hestia Oboy,19,hoboy2r@wp.com,Female,1.52,77.6,Research and Development
101,Katinka Silmon,12,ksilmon2s@about.com,Female,1.64,85.16,Human Resources
102,Ray Simonian,17,rsimonian2t@wsj.com,Male,1.35,70.07,Research and Development
103,Willa Brundrett,15,wbrundrett2u@ibm.com,Female,1.76,68.4,Legal
104,Roberta Waplinton,15,rwaplinton2v@va.gov,Female,1.1,79.12,Research and Development
105,Antin Davydkov,12,adavydkov2w@msu.edu,Male,1.84,75.01,Support
106,Skip Conachy,15,sconachy2x@ed.gov,Male,1.41,89.55,Human Resources
107,Dominick McDarmid,13,dmcdarmid2y@vinaora.com,Male,1.66,80.93,Business Development
108,Carling Strut,16,cstrut2z@blogs.com,Male,1.3,77.86,Sales
109,Kenton Mottini,11,kmottini30@blogtalkradio.com,Male,1.97,83.72,Sales
110,Arielle Pohling,15,apohling31@bbb.org,Female,1.41,64.68,Legal
111,Iggy Enterlein,17,ienterlein32@bing.com,Male,1.93,84.08,Support
112,Dedie Rought,18,drought33@timesonline.co.uk,Female,1.54,83.9,Product Management
113,Skipp Whittam,13,swhittam34@slate.com,Male,1.56,84.41,Accounting
114,Inger Colvie,16,icolvie35@cocolog-nifty.com,Polygender,1.38,83.12,Legal
115,Tuesday Milby,12,tmilby36@liveinternet.ru,Female,1.74,64.36,Research and Development
116,Hernando Davies,14,hdavies37@telegraph.co.uk,Male,1.72,74.57,Accounting
117,Clayborne Woodard,12,cwoodard38@xing.com,Male,1.77,60.41,Sales
118,Kurt Downton,14,kdownton39@pen.io,Male,1.49,81.14,Engineering
119,Amalita Ledington,12,aledington3a@economist.com,Female,1.65,81.34,Training
120,Dionisio Bagniuk,11,dbagniuk3b@hostgator.com,Male,1.17,83.61,Services
121,Harli Picknett,17,hpicknett3c@wiley.com,Female,1.38,65.74,Support
122,Tonye Irce,15,tirce3d@ox.ac.uk,Non-binary,1.84,86.1,Human Resources
123,Myrle Wearn,12,mwearn3e@virginia.edu,Polygender,1.96,79.37,Legal
124,Yvor Degoey,12,ydegoey3f@nature.com,Male,1.73,61.76,Business Development
125,Lulu Thredder,18,lthredder3g@xing.com,Polygender,1.88,84.07,Services
126,Glynn Yeudall,14,gyeudall3h@gravatar.com,Male,1.24,71.49,Product Management
127,Miguela Swithenby,10,mswithenby3i@skype.com,Female,1.3,84.01,Services
128,Farrah Geator,17,fgeator3j@spiegel.de,Female,1.55,63.62,Engineering
129,Abigail Stonbridge,11,astonbridge3k@dyndns.org,Female,1.48,76.92,Human Resources
130,Karee Hayesman,11,khayesman3l@wordpress.com,Female,1.61,83.6,Training
131,Farley Buddell,16,fbuddell3m@msn.com,Male,1.18,68.47,Legal
132,Magdalene Southwood,15,msouthwood3n@tinypic.com,Female,1.7,75.92,Business Development
133,Erny Saville,15,esaville3o@columbia.edu,Male,1.3,75.69,Training
134,Birgit Hansbury,13,bhansbury3p@macromedia.com,Female,1.72,77.85,Marketing
135,Eleanor Berr,16,eberr3q@cnbc.com,Female,1.11,88.27,Research and Development
136,Aluino Whitehall,11,awhitehall3r@walmart.com,Male,1.24,62.39,Marketing
137,Hulda Clegg,14,hclegg3s@about.me,Female,1.63,83.67,Legal
138,Dominica Zimmermeister,11,dzimmermeister3t@deliciousdays.com,Female,1.32,62.29,Marketing
139,Will Alsobrook,15,walsobrook3u@youtu.be,Male,1.44,75.5,Accounting
140,Olly Nowill,10,onowill3v@miibeian.gov.cn,Male,1.81,75.78,Training
141,Marjory Whitten,13,mwhitten3w@amazon.co.jp,Female,1.68,89.08,Research and Development
142,Rockwell Moakes,10,rmoakes3x@unesco.org,Male,1.92,67.05,Accounting
143,Granger Janos,14,gjanos3y@e-recht24.de,Male,1.78,70.71,Services
144,Elfrida Kerswill,13,ekerswill3z@t-online.de,Female,1.37,85.56,Accounting
145,Kev Lemmertz,17,klemmertz40@is.gd,Male,1.36,63.33,Training
146,Mirella Beggini,14,mbeggini41@dyndns.org,Female,1.13,66.12,Business Development
147,Zaneta Eisak,10,zeisak42@state.tx.us,Female,1.57,69.95,Legal
148,Leeann Gergher,13,lgergher43@ebay.co.uk,Female,1.74,60.69,Training
149,Bernita Stuckes,17,bstuckes44@mlb.com,Genderfluid,1.64,75.18,Research and Development
150,Arlyn Antoniutti,15,aantoniutti45@google.com.br,Female,1.22,75.59,Marketing
151,Joeann Bogies,12,jbogies46@nifty.com,Genderfluid,1.79,69.5,Product Management
152,Janine Kundt,17,jkundt47@google.com.au,Female,1.34,71.02,Sales
153,Regine Goodred,12,rgoodred48@facebook.com,Female,1.66,87.9,Business Development
154,Bette Cursey,13,bcursey49@newsvine.com,Female,1.88,66.18,Business Development
155,Derk Gorner,11,dgorner4a@nifty.com,Male,1.1,69.03,Research and Development
156,Malorie Pepperill,16,mpepperill4b@people.com.cn,Female,1.87,73.44,Legal
157,Jane MacNeil,16,jmacneil4c@yellowpages.com,Female,1.35,66.57,Marketing
158,Bertram Lainton,12,blainton4d@reuters.com,Male,1.48,72.0,Training
159,Chris McDool,15,cmcdool4e@paypal.com,Male,1.46,62.27,Training
160,Wilek Holleworth,10,wholleworth4f@miibeian.gov.cn,Male,1.72,88.57,Business Development
161,Felecia Everit,16,feverit4g@wufoo.com,Female,1.59,72.89,Sales
162,Lewes Soff,19,lsoff4h@behance.net,Male,1.44,82.96,Services
163,Mora D'eye,18,mdeye4i@senate.gov,Female,1.68,72.52,Research and Development
164,Ame Jell,14,ajell4j@seattletimes.com,Female,1.33,63.85,Accounting
165,Nalani McOwan,14,nmcowan4k@deviantart.com,Female,1.19,65.06,Human Resources
166,Mel Spraggs,13,mspraggs4l@nature.com,Male,1.89,74.33,Legal
167,Udale Renackowna,13,urenackowna4m@sourceforge.net,Male,1.14,86.22,Product Management
168,Shayne Thorndale,13,sthorndale4n@xinhuanet.com,Male,1.95,82.51,Support
169,Inigo Shotter,16,ishotter4o@rambler.ru,Male,1.08,69.47,Human Resources
170,Barris Biermatowicz,17,bbiermatowicz4p@alibaba.com,Male,1.01,88.45,Services
171,Christoper Bankes,10,cbankes4q@sina.com.cn,Male,1.18,67.31,Research and Development
172,Killian Tassel,10,ktassel4r@bbc.co.uk,Male,1.92,77.76,Training
173,Kaleena Fulloway,11,kfulloway4s@webeden.co.uk,Female,1.47,86.67,Marketing
174,Solly Lythgoe,16,slythgoe4t@networksolutions.com,Male,1.4,61.4,Research and Development
175,Bertram Bourdis,15,bbourdis4u@youku.com,Male,1.21,73.14,Services
176,Lennard Draye,19,ldraye4v@wikia.com,Male,1.89,89.46,Marketing
177,Bobina Clemintoni,18,bclemintoni4w@mtv.com,Female,1.38,75.47,Training
178,Matthieu Mendes,15,mmendes4x@unesco.org,Male,1.39,76.49,Product Management
179,Lucas Dymond,13,ldymond4y@wsj.com,Male,1.52,62.15,Research and Development
180,Arty Dearan,13,adearan4z@psu.edu,Male,1.11,88.78,Training
181,Marj Willoughby,14,mwilloughby50@delicious.com,Female,1.98,87.91,Engineering
182,Hughie Cosyns,13,hcosyns51@purevolume.com,Male,1.86,65.46,Accounting
183,Berenice Munsey,11,bmunsey52@yandex.ru,Female,1.75,87.63,Sales
184,Kimbell Goodright,16,kgoodright53@boston.com,Bigender,1.62,65.19,Legal
185,Lem Ellerton,14,lellerton54@merriam-webster.com,Male,1.96,61.93,Legal
186,Elnar Oselton,18,eoselton55@chronoengine.com,Male,1.09,68.03,Services
187,Wanda Blakely,11,wblakely56@ustream.tv,Female,1.67,84.3,Accounting
188,Dinnie Mulbry,18,dmulbry57@ow.ly,Female,1.57,62.62,Product Management
189,Toni McGourty,10,tmcgourty58@oaic.gov.au,Female,1.03,85.56,Product Management
190,Paulette Gian,15,pgian59@un.org,Female,1.29,85.2,Human Resources
191,Marthena Klimschak,13,mklimschak5a@goo.gl,Female,1.74,76.56,Business Development
192,Nigel Care,10,ncare5b@histats.com,Male,1.09,60.48,Legal
193,Kathleen Astall,17,kastall5c@exblog.jp,Female,1.43,72.12,Services
194,Rani Auld,14,rauld5d@paginegialle.it,Female,1.54,85.29,Engineering
195,Ofella Edgerton,18,oedgerton5e@go.com,Female,1.73,79.65,Support
196,Maddy Fenty,15,mfenty5f@kickstarter.com,Female,1.18,72.11,Business Development
197,Jeannette Imorts,18,jimorts5g@oakley.com,Female,1.91,76.3,Services
198,Mohandas Ovise,18,movise5h@elpais.com,Male,1.01,71.02,Engineering
199,Holli Harrisson,13,hharrisson5i@cbslocal.com,Female,1.1,81.85,Support
200,Faulkner Blemings,17,fblemings5j@microsoft.com,Male,1.04,89.51,Product Management
201,Agathe Gawn,15,agawn5k@xinhuanet.com,Female,1.44,85.31,Business Development
202,Aubree Lenard,10,alenard5l@amazon.de,Female,1.46,77.76,Product Management
203,Evangelin Kunrad,13,ekunrad5m@house.gov,Female,1.44,76.26,Support
204,Yolande Olivier,17,yolivier5n@craigslist.org,Female,1.28,73.44,Services
205,Leontyne Larret,17,llarret5o@apache.org,Female,1.31,83.29,Sales
206,Augy McKibbin,17,amckibbin5p@cafepress.com,Male,1.59,72.68,Human Resources
207,Trude Rowe,14,trowe5q@unc.edu,Agender,1.62,83.89,Marketing
208,Marta Francesconi,11,mfrancesconi5r@e-recht24.de,Female,1.33,62.66,Human Resources
209,Shadow Reame,16,sreame5s@1688.com,Male,1.95,74.76,Human Resources
210,Lolly Tute,10,ltute5t@moonfruit.com,Female,1.38,64.34,Services
211,Bryanty Trelease,16,btrelease5u@cbc.ca,Male,1.46,85.72,Support
212,Nicol Ricardon,15,nricardon5v@live.com,Male,1.83,82.81,Product Management
213,Oby Pickwell,16,opickwell5w@amazon.de,Male,1.45,61.45,Legal
214,Rossie Stagge,16,rstagge5x@exblog.jp,Polygender,1.82,87.04,Services
215,Mendel Dorant,18,mdorant5y@rakuten.co.jp,Male,1.37,71.32,Business Development
216,Kalle Powis,17,kpowis5z@npr.org,Male,1.37,64.88,Human Resources
217,Gerrie Carek,10,gcarek60@gravatar.com,Male,1.36,73.6,Product Management
218,Rhianon Sperry,10,rsperry61@ft.com,Female,1.72,80.22,Product Management
219,Philippe Forsey,14,pforsey62@dagondesign.com,Polygender,1.29,69.79,Training
220,Griffin Trowbridge,17,gtrowbridge63@seesaa.net,Male,1.66,74.66,Research and Development
221,Perrine Fransman,13,pfransman64@xrea.com,Female,1.69,78.51,Services
222,Marie-jeanne Ortells,17,mortells65@webnode.com,Polygender,1.06,65.63,Legal
223,Augusta Rounsefell,16,arounsefell66@businessweek.com,Female,1.36,60.71,Engineering
224,Ki McAviy,14,kmcaviy67@sbwire.com,Polygender,1.68,65.49,Support
225,Dagny Ewles,15,dewles68@1688.com,Male,1.31,82.14,Business Development
226,Tait Gocke,17,tgocke69@opensource.org,Male,1.68,75.63,Services
227,Harris Roz,10,hroz6a@1688.com,Genderqueer,1.33,88.46,Support
228,Renell Basill,16,rbasill6b@ustream.tv,Female,1.9,78.52,Training
229,Libby Bebbington,15,lbebbington6c@narod.ru,Female,1.52,87.02,Human Resources
230,Sully Doleman,13,sdoleman6d@narod.ru,Male,1.1,81.75,Human Resources
231,Raimund Sponer,10,rsponer6e@tamu.edu,Male,1.6,78.91,Marketing
232,Ingeborg Dawdary,19,idawdary6f@indiatimes.com,Female,1.01,62.35,Training
233,Manfred Brydone,17,mbrydone6g@apple.com,Male,1.45,85.24,Product Management
234,Ailbert Sheavills,17,asheavills6h@scribd.com,Male,1.92,74.25,Support
235,Janice O'Clery,10,joclery6i@is.gd,Female,1.82,75.41,Business Development
236,Ennis MacKimmie,14,emackimmie6j@xinhuanet.com,Male,1.37,87.44,Training
237,Sybilla Harler,19,sharler6k@hugedomains.com,Female,1.83,81.79,Business Development
238,Haskel Belcher,10,hbelcher6l@flickr.com,Male,1.69,84.02,Product Management
239,Etty Finlayson,17,efinlayson6m@blogger.com,Female,1.1,85.88,Human Resources
240,Spence Garrat,10,sgarrat6n@va.gov,Male,1.83,82.45,Accounting
241,Randi Rubra,19,rrubra6o@goodreads.com,Male,1.15,61.78,Marketing
242,Adora Uden,17,auden6p@unicef.org,Female,1.58,82.3,Engineering
243,Agnese Minthorpe,10,aminthorpe6q@nymag.com,Female,1.06,88.32,Accounting
244,Tye Franceschelli,12,tfranceschelli6r@baidu.com,Male,1.79,77.1,Engineering
245,Giovanna Amorine,18,gamorine6s@cbslocal.com,Female,1.79,62.59,Support
246,Tiphany Fouldes,13,tfouldes6t@about.me,Polygender,1.51,86.23,Research and Development
247,Paten Burgiss,11,pburgiss6u@wordpress.com,Male,1.72,71.25,Training
248,Xenia Lucien,13,xlucien6v@bandcamp.com,Female,1.59,60.37,Services
249,Lynea Richemont,17,lrichemont6w@nbcnews.com,Female,1.98,72.49,Training
250,Rivy Larham,10,rlarham6x@flavors.me,Female,1.23,89.82,Services
251,Moina Scroggins,18,mscroggins6y@examiner.com,Female,1.68,76.68,Engineering
252,Jethro Cestard,13,jcestard6z@pen.io,Bigender,1.37,68.59,Services
253,Knox Brabban,17,kbrabban70@europa.eu,Male,1.34,86.16,Research and Development
254,Zelig Barker,15,zbarker71@freewebs.com,Male,1.27,66.2,Legal
255,Anstice Dubbin,14,adubbin72@deliciousdays.com,Female,1.94,89.78,Product Management
256,Wrennie Yukhin,11,wyukhin73@sbwire.com,Female,1.27,76.18,Sales
257,Bryan Haith,19,bhaith74@diigo.com,Male,1.72,63.83,Services
258,Abe Seals,12,aseals75@360.cn,Male,1.91,63.4,Research and Development
259,Borden Hairon,18,bhairon76@berkeley.edu,Male,1.96,77.24,Human Resources
260,Timmi Fallen,13,tfallen77@wunderground.com,Female,1.49,76.18,Training
261,Jana Flann,17,jflann78@blogtalkradio.com,Female,1.31,84.65,Accounting
262,Wynny Melmar,16,wmelmar79@army.mil,Female,1.94,89.52,Human Resources
263,Bianca Whaplington,11,bwhaplington7a@wikispaces.com,Female,1.19,62.68,Engineering
264,Bradan Caddan,19,bcaddan7b@rediff.com,Male,1.12,74.27,Product Management
265,Katya Fearfull,14,kfearfull7c@360.cn,Female,1.34,64.75,Support
266,Sammy Bazoge,11,sbazoge7d@wsj.com,Male,1.35,74.08,Accounting
267,Torrence Apted,17,tapted7e@github.com,Male,1.56,70.76,Research and Development
268,Arney Sally,12,asally7f@wikipedia.org,Male,1.09,74.38,Engineering
269,Godwin Treadwell,13,gtreadwell7g@dyndns.org,Male,1.16,66.46,Human Resources
270,Janette McAllester,14,jmcallester7h@oracle.com,Female,1.57,62.34,Product Management
271,Nadia Rothchild,17,nrothchild7i@youku.com,Female,1.84,75.53,Sales
272,Sinclare Vaen,17,svaen7j@canalblog.com,Male,1.03,88.06,Legal
273,Ron Feldon,16,rfeldon7k@yellowpages.com,Male,1.88,87.41,Legal
274,Raffarty Rousel,10,rrousel7l@sogou.com,Male,1.35,83.7,Marketing
275,Kennie Tasseler,18,ktasseler7m@blogspot.com,Male,1.94,87.47,Training
276,Geri Phlipon,11,gphlipon7n@indiatimes.com,Female,1.11,63.2,Services
277,Rosemonde Citrine,15,rcitrine7o@huffingtonpost.com,Female,1.1,63.52,Business Development
278,Bobbette Aleixo,19,baleixo7p@myspace.com,Female,1.62,85.73,Engineering
279,Sharyl Schwerin,17,sschwerin7q@ovh.net,Genderqueer,1.16,75.33,Services
280,Craggy Myhill,19,cmyhill7r@gizmodo.com,Bigender,1.3,73.71,Marketing
281,Quill Gooley,11,qgooley7s@paginegialle.it,Male,1.13,69.93,Sales
282,Cherry Ginn,15,cginn7t@wsj.com,Female,1.93,72.06,Sales
283,Rooney Norval,16,rnorval7u@walmart.com,Male,1.51,87.45,Engineering
284,Anastasie Woodrup,12,awoodrup7v@accuweather.com,Female,1.89,66.58,Business Development
285,Francesco Presnell,13,fpresnell7w@zimbio.com,Polygender,1.33,79.28,Legal
286,Erick Chapman,10,echapman7x@nasa.gov,Male,1.82,88.86,Support
287,Nanete Rameau,12,nrameau7y@phoca.cz,Female,1.81,87.21,Human Resources
288,Arlene McIlreavy,13,amcilreavy7z@goo.gl,Female,1.47,81.46,Research and Development
289,Filia Asplen,14,fasplen80@psu.edu,Female,1.38,65.29,Human Resources
290,Lannie Vankeev,15,lvankeev81@friendfeed.com,Male,1.19,85.09,Training
291,Klarika Tabour,16,ktabour82@tamu.edu,Female,1.66,81.47,Sales
292,Micheal Coot,10,mcoot83@eventbrite.com,Male,1.9,79.57,Services
293,Sharlene Wethered,16,swethered84@geocities.jp,Female,1.8,87.94,Services
294,Marla Klemt,12,mklemt85@psu.edu,Female,1.23,76.58,Sales
295,Jocelin Kaman,15,jkaman86@netlog.com,Female,1.3,89.23,Legal
296,Glen Berndsen,16,gberndsen87@i2i.jp,Male,1.84,63.64,Engineering
297,Melosa Griffiths,16,mgriffiths88@latimes.com,Female,1.31,66.33,Training
298,Frederique Plenderleith,12,fplenderleith89@amazon.com,Female,1.31,71.49,Legal
299,Udale Rijkeseis,16,urijkeseis8a@tripod.com,Male,1.83,69.97,Support
300,Georgeanna Jakubowicz,18,gjakubowicz8b@nymag.com,Polygender,1.81,75.05,Marketing
301,Dexter Trattles,17,dtrattles8c@discovery.com,Male,1.99,69.04,Product Management
302,Marlo Fever,16,mfever8d@answers.com,Male,1.48,62.57,Sales
303,Humfrid Ovitz,12,hovitz8e@paypal.com,Male,1.18,65.62,Support
304,Anatollo Dillicate,16,adillicate8f@imageshack.us,Male,1.12,82.26,Engineering
305,Amanda Janssen,19,ajanssen8g@nba.com,Female,1.66,69.22,Accounting
306,Ezmeralda Lello,16,elello8h@chicagotribune.com,Female,1.77,72.92,Training
307,Goober Pemberton,14,gpemberton8i@baidu.com,Male,1.48,75.09,Research and Development
308,Rozalie Penchen,17,rpenchen8j@simplemachines.org,Female,1.2,73.06,Training
309,Shaina Blackie,10,sblackie8k@artisteer.com,Female,1.82,84.03,Accounting
310,Antoni Corballis,14,acorballis8l@hugedomains.com,Male,1.33,78.79,Product Management
311,Lyell Ortner,13,lortner8m@opensource.org,Male,1.29,72.21,Research and Development
312,Vassili Westall,13,vwestall8n@sourceforge.net,Male,1.92,74.68,Human Resources
313,Any Byllam,15,abyllam8o@elegantthemes.com,Male,1.1,78.73,Research and Development
314,Datha Kopmann,11,dkopmann8p@instagram.com,Female,1.19,63.18,Human Resources
315,Gretna Bridson,19,gbridson8q@ucoz.com,Female,1.91,78.39,Training
316,Mina Handrahan,14,mhandrahan8r@intel.com,Female,1.3,83.2,Legal
317,Ellie Aristide,19,earistide8s@gizmodo.com,Female,1.6,81.8,Support
318,Rafferty Sandwick,17,rsandwick8t@sourceforge.net,Male,1.87,81.57,Business Development
319,Caressa Vinecombe,12,cvinecombe8u@sina.com.cn,Female,1.99,70.49,Research and Development
320,Jonell Ilyuchyov,19,jilyuchyov8v@fastcompany.com,Non-binary,1.97,78.82,Marketing
321,Devlen Blasius,19,dblasius8w@squidoo.com,Male,1.26,68.76,Services
322,Dorine Skellington,13,dskellington8x@wikispaces.com,Female,1.07,71.04,Sales
323,Sal Grogono,16,sgrogono8y@apache.org,Genderfluid,1.8,86.69,Marketing
324,Colin Oxshott,13,coxshott8z@apache.org,Male,1.43,73.89,Product Management
325,Berte Hymer,12,bhymer90@mozilla.org,Female,1.21,71.38,Product Management
326,Jyoti Griffey,17,jgriffey91@lulu.com,Female,1.73,60.35,Services
327,Romona McCaughren,11,rmccaughren92@ihg.com,Female,1.87,75.38,Business Development
328,Normy Causley,15,ncausley93@geocities.com,Male,1.51,63.62,Support
329,Royal Shoebotham,18,rshoebotham94@who.int,Male,1.99,86.01,Training
330,Annelise Klimov,16,aklimov95@cam.ac.uk,Female,1.85,86.79,Legal
331,Imogen Lotherington,18,ilotherington96@networkadvertising.org,Female,1.67,64.37,Human Resources
332,Rufus Divisek,11,rdivisek97@creativecommons.org,Male,1.51,89.02,Support
333,Wren Uman,19,wuman98@businessweek.com,Female,1.68,89.77,Engineering
334,Clerc Laminman,12,claminman99@engadget.com,Male,1.98,72.4,Research and Development
335,Nathanil Broker,19,nbroker9a@angelfire.com,Male,1.73,65.12,Support
336,Garey Swaden,12,gswaden9b@twitpic.com,Male,1.11,74.76,Product Management
337,Morgen Stanmer,10,mstanmer9c@washingtonpost.com,Polygender,1.48,65.51,Accounting
338,Ardeen Kalberer,19,akalberer9d@technorati.com,Female,1.64,78.1,Legal
339,Henrietta Burkart,12,hburkart9e@redcross.org,Female,1.28,70.75,Business Development
340,Vachel Wayman,17,vwayman9f@lycos.com,Male,1.65,85.87,Legal
341,Anastassia Oventon,18,aoventon9g@hostgator.com,Female,1.37,86.9,Research and Development
342,Fiorenze Benitti,13,fbenitti9h@spotify.com,Bigender,1.21,61.26,Engineering
343,Chloris Orvis,18,corvis9i@alibaba.com,Female,1.24,61.16,Support
344,Giordano Barneville,14,gbarneville9j@netvibes.com,Male,1.01,83.48,Marketing
345,Beilul Winsley,17,bwinsley9k@nsw.gov.au,Female,1.78,73.96,Sales
346,Aline Strafford,17,astrafford9l@google.com.br,Bigender,1.52,86.0,Accounting
347,Derward McRamsey,13,dmcramsey9m@google.pl,Male,1.91,67.6,Services
348,Normand Fraine,15,nfraine9n@lycos.com,Male,1.72,79.19,Research and Development
349,Wren Gration,10,wgration9o@stumbleupon.com,Female,1.43,83.46,Product Management
350,Maribeth Izkovitch,11,mizkovitch9p@nationalgeographic.com,Female,1.79,65.66,Business Development
351,Cletus Klejna,10,cklejna9q@eepurl.com,Male,1.23,85.55,Marketing
352,Kristien Wrist,19,kwrist9r@multiply.com,Female,1.5,67.99,Human Resources
353,Townie Stiles,16,tstiles9s@bbc.co.uk,Male,1.84,75.94,Human Resources
354,Armando Moxsom,16,amoxsom9t@youtube.com,Male,1.86,88.23,Human Resources
355,Wilhelmine Paty,13,wpaty9u@yellowpages.com,Female,1.76,88.56,Training
356,Madison Heffer,18,mheffer9v@hc360.com,Male,1.79,80.56,Research and Development
357,Grantham Cattle,18,gcattle9w@businesswire.com,Male,1.91,63.95,Legal
358,Letisha Giveen,14,lgiveen9x@ameblo.jp,Female,1.6,87.83,Services
359,Hakeem Hinze,16,hhinze9y@google.es,Male,1.8,88.17,Human Resources
360,Maude Sainter,14,msainter9z@biblegateway.com,Female,1.95,69.6,Product Management
361,Neal Shortell,13,nshortella0@scribd.com,Male,1.71,67.59,Training
362,Marlyn Costellow,11,mcostellowa1@elegantthemes.com,Female,1.22,68.82,Engineering
363,Blane Brockington,15,bbrockingtona2@google.com,Genderfluid,1.55,78.9,Sales
364,Jeannie Dalloway,13,jdallowaya3@bbc.co.uk,Female,1.83,70.02,Human Resources
365,Gaylor Robardet,18,grobardeta4@tmall.com,Male,1.79,86.71,Services
366,Hussein Botham,12,hbothama5@msu.edu,Male,1.3,89.71,Product Management
367,Daven Labusch,16,dlabuscha6@disqus.com,Male,1.25,71.68,Support
368,Tomas Scullin,15,tscullina7@a8.net,Male,1.96,65.42,Training
369,Grady Alsopp,14,galsoppa8@mayoclinic.com,Male,1.68,83.15,Support
370,Genny Burcher,10,gburchera9@tiny.cc,Female,1.58,75.78,Accounting
371,Yevette Labrone,12,ylabroneaa@t.co,Female,1.41,62.03,Support
372,Norrie Arbon,13,narbonab@merriam-webster.com,Male,1.89,69.11,Research and Development
373,Reggy Loweth,14,rlowethac@usa.gov,Polygender,1.87,74.85,Training
374,Wilbert Pentycross,15,wpentycrossad@unesco.org,Male,1.45,62.8,Accounting
375,Chery Sawforde,10,csawfordeae@rediff.com,Female,1.65,67.54,Training
376,Joshia Varfolomeev,10,jvarfolomeevaf@unblog.fr,Bigender,1.87,71.38,Accounting
377,Freddy Harverson,13,fharversonag@google.com.br,Male,1.65,77.66,Engineering
378,Stewart Claybourne,13,sclaybourneah@guardian.co.uk,Male,1.02,75.65,Legal
379,Shirlee Owers,10,sowersai@dell.com,Female,1.86,62.98,Accounting
380,Mathe Eunson,10,meunsonaj@photobucket.com,Polygender,1.23,82.17,Marketing
381,Sampson Bierman,12,sbiermanak@moonfruit.com,Male,1.16,62.65,Marketing
382,Randa Lebarree,14,rlebarreeal@nymag.com,Female,1.54,82.7,Product Management
383,Nanni Osbourn,10,nosbournam@istockphoto.com,Female,1.09,88.67,Support
384,Amara Philliphs,18,aphilliphsan@nasa.gov,Female,1.41,64.08,Human Resources
385,Mickey Barette,14,mbaretteao@google.com.br,Male,1.37,64.05,Research and Development
386,Merrily Karppi,17,mkarppiap@livejournal.com,Female,1.37,62.89,Human Resources
387,Rheba Sandercock,13,rsandercockaq@cpanel.net,Female,1.96,82.03,Sales
388,Lorinda Happer,13,lhapperar@rediff.com,Female,1.74,88.4,Product Management
389,Graig Weatherburn,18,gweatherburnas@unc.edu,Male,1.46,71.71,Legal
390,Geri Pagen,19,gpagenat@quantcast.com,Female,1.58,84.21,Sales
391,Gene Scamwell,13,gscamwellau@nasa.gov,Male,1.26,62.16,Business Development
392,Stefan Ching,18,schingav@springer.com,Male,1.06,84.26,Engineering
393,Dav Eadon,15,deadonaw@google.ru,Male,1.24,74.19,Legal
394,Wyn Goghin,14,wgoghinax@illinois.edu,Male,1.25,63.21,Business Development
395,Robina Blague,12,rblagueay@free.fr,Female,1.41,65.44,Training
396,Blayne Megroff,12,bmegroffaz@mayoclinic.com,Male,1.22,84.18,Engineering
397,Nicolais Flanne,16,nflanneb0@intel.com,Polygender,1.5,66.1,Engineering
398,Pierson Rubinovici,12,prubinovicib1@japanpost.jp,Male,1.49,68.48,Engineering
399,Katalin MacKartan,10,kmackartanb2@feedburner.com,Female,1.88,62.84,Marketing
400,Harley Glasby,13,hglasbyb3@dot.gov,Male,1.51,60.14,Accounting
401,Forester Orgen,12,forgenb4@scientificamerican.com,Male,1.62,65.82,Marketing
402,Eugen Townsend,14,etownsendb5@meetup.com,Male,1.73,83.52,Marketing
403,Tymon Yon,17,tyonb6@hibu.com,Male,1.12,65.69,Human Resources
404,Bruce Cloke,11,bclokeb7@comsenz.com,Male,1.29,71.28,Sales
405,Marcia Jeeks,12,mjeeksb8@wufoo.com,Female,1.07,64.24,Training
406,Elli Garstan,17,egarstanb9@gravatar.com,Female,1.63,64.2,Marketing
407,Andros Tussaine,17,atussaineba@nba.com,Male,1.32,70.27,Marketing
408,Lilly Chrippes,16,lchrippesbb@mashable.com,Female,1.46,70.45,Research and Development
409,Celisse Schoular,19,cschoularbc@hp.com,Female,1.3,71.68,Human Resources
410,Brook Ellerey,17,bellereybd@hostgator.com,Female,1.18,64.37,Accounting
411,Tomasine McPharlain,11,tmcpharlainbe@wsj.com,Female,1.63,79.47,Training
412,Stacy McComb,19,smccombbf@answers.com,Female,1.88,85.93,Sales
413,Tarrah Entwisle,18,tentwislebg@usa.gov,Female,1.04,72.06,Legal
414,Griffie Tinmouth,16,gtinmouthbh@weibo.com,Male,1.95,67.67,Training
415,Flory Fairweather,14,ffairweatherbi@miibeian.gov.cn,Male,1.31,68.43,Marketing
416,Jordan Schuck,12,jschuckbj@ed.gov,Female,1.13,66.18,Product Management
417,Giralda Reddlesden,15,greddlesdenbk@imageshack.us,Genderfluid,1.65,86.5,Support
418,Taffy Leney,11,tleneybl@purevolume.com,Female,1.88,68.55,Training
419,Joleen Emmins,13,jemminsbm@va.gov,Female,1.2,86.03,Marketing
420,Lauritz Cissen,13,lcissenbn@mtv.com,Male,1.52,71.39,Human Resources
421,Blair Cowlishaw,12,bcowlishawbo@umich.edu,Male,1.02,75.68,Support
422,Spenser Tuftin,13,stuftinbp@jimdo.com,Male,1.84,83.41,Marketing
423,Becki Fuggle,16,bfugglebq@w3.org,Female,1.61,81.37,Marketing
424,Brena Draysey,14,bdrayseybr@nasa.gov,Female,1.59,77.98,Support
425,Eustacia Andreasson,13,eandreassonbs@myspace.com,Female,1.5,82.84,Product Management
426,Davie Cruickshank,12,dcruickshankbt@engadget.com,Male,1.43,76.67,Business Development
427,Jaynell Temprell,15,jtemprellbu@ft.com,Female,1.45,63.57,Business Development
428,Dallis MacVagh,18,dmacvaghbv@squarespace.com,Genderqueer,1.86,71.74,Human Resources
429,Chevalier Sporton,11,csportonbw@tinypic.com,Male,1.36,82.94,Legal
430,Rozanna Upcott,11,rupcottbx@dagondesign.com,Female,1.99,85.89,Product Management
431,Sasha Sture,13,sstureby@businessinsider.com,Male,1.91,77.23,Marketing
432,Darin Huey,16,dhueybz@tinyurl.com,Male,1.97,71.14,Research and Development
433,Stephanus Chapell,13,schapellc0@example.com,Bigender,1.63,87.57,Accounting
434,Bartram Yedall,14,byedallc1@princeton.edu,Male,1.48,70.81,Research and Development
435,Yvonne Sawer,18,ysawerc2@wiley.com,Female,1.29,83.13,Marketing
436,Avivah Deery,19,adeeryc3@amazon.co.jp,Polygender,1.08,75.69,Business Development
437,Nessi Cluer,17,ncluerc4@webnode.com,Agender,1.84,82.79,Human Resources
438,Ferd Howlin,14,fhowlinc5@irs.gov,Male,1.87,64.6,Training
439,Tremayne Tappin,18,ttappinc6@spotify.com,Male,1.36,82.43,Services
440,Ulrika Haestier,15,uhaestierc7@sciencedaily.com,Female,1.84,77.34,Product Management
441,Lilas Millichap,17,lmillichapc8@nydailynews.com,Female,1.55,61.53,Marketing
442,Brinn Cazin,11,bcazinc9@sciencedirect.com,Female,1.96,69.01,Support
443,Malia Annandale,14,mannandaleca@accuweather.com,Female,1.52,76.58,Product Management
444,Ave Lunam,19,alunamcb@quantcast.com,Male,1.63,74.62,Accounting
445,Arnoldo Robley,13,arobleycc@noaa.gov,Male,1.23,60.03,Human Resources
446,Crystie Farish,10,cfarishcd@aol.com,Polygender,1.32,81.42,Training
447,Nester Goncalo,10,ngoncaloce@simplemachines.org,Male,1.73,66.61,Human Resources
448,Arnie Doveston,11,adovestoncf@printfriendly.com,Male,1.5,68.74,Training
449,Sibylle Feldhorn,14,sfeldhorncg@weebly.com,Female,1.4,79.74,Training
450,Veronika O'Callaghan,11,vocallaghanch@netvibes.com,Female,1.27,67.74,Marketing
451,Hogan Chieco,14,hchiecoci@ow.ly,Male,1.67,67.75,Marketing
452,Flint McCart,13,fmccartcj@chronoengine.com,Male,1.74,60.28,Engineering
453,Micheal Pettegre,19,mpettegreck@nsw.gov.au,Male,1.12,77.99,Services
454,Normy Scarf,16,nscarfcl@cloudflare.com,Male,1.78,74.2,Services
455,Dyana Clemon,17,dclemoncm@msn.com,Female,1.38,75.02,Accounting
456,Ida Pasley,19,ipasleycn@epa.gov,Female,1.5,70.61,Legal
457,Katerine Rorke,19,krorkeco@geocities.com,Polygender,1.49,87.34,Training
458,Reuben Priddy,14,rpriddycp@tiny.cc,Male,1.68,74.16,Support
459,Raffaello Narbett,16,rnarbettcq@cornell.edu,Male,1.86,65.13,Product Management
460,Martainn Natwick,18,mnatwickcr@nationalgeographic.com,Male,1.37,83.02,Product Management
461,Gerhardt Catling,11,gcatlingcs@wufoo.com,Male,1.88,73.83,Business Development
462,Karmen Lummus,11,klummusct@wikipedia.org,Polygender,1.67,72.05,Marketing
463,Stewart Flye,18,sflyecu@apache.org,Male,1.1,79.51,Research and Development
464,Leonerd MacDonnell,15,lmacdonnellcv@marketwatch.com,Male,1.84,81.29,Research and Development
465,Gardener Fulger,14,gfulgercw@myspace.com,Male,1.72,64.35,Product Management
466,Corrie Purnell,11,cpurnellcx@amazon.de,Female,1.95,64.56,Legal
467,Jade Bogeys,18,jbogeyscy@ox.ac.uk,Female,1.75,82.33,Sales
468,Demetra Deesly,18,ddeeslycz@dmoz.org,Female,1.63,86.25,Sales
469,Neill Cleveley,15,ncleveleyd0@wisc.edu,Male,1.98,83.19,Marketing
470,Corrina Mardling,17,cmardlingd1@posterous.com,Female,1.02,87.86,Services
471,Elmore Tysall,11,etysalld2@simplemachines.org,Male,1.91,63.25,Product Management
472,Ricky Jackes,19,rjackesd3@list-manage.com,Male,2.0,76.75,Support
473,Eudora Bowmer,11,ebowmerd4@blogspot.com,Female,1.24,79.78,Accounting
474,Marty Iacavone,13,miacavoned5@godaddy.com,Male,1.41,68.32,Human Resources
475,Daron Bernli,13,dbernlid6@mediafire.com,Male,1.65,82.12,Training
476,Valera Fardy,10,vfardyd7@google.com.hk,Female,1.44,84.89,Support
477,Marris Donnellan,19,mdonnelland8@sciencedirect.com,Female,1.9,86.07,Product Management
478,Kit Houseley,18,khouseleyd9@ft.com,Female,1.12,72.79,Engineering
479,Ignacius Edlestone,19,iedlestoneda@stanford.edu,Male,1.46,71.37,Product Management
480,Victor McGrudder,13,vmcgrudderdb@mozilla.com,Male,1.39,60.44,Support
481,Karlen Izhak,16,kizhakdc@naver.com,Female,1.33,62.87,Services
482,Rosemonde Faussett,14,rfaussettdd@gizmodo.com,Female,1.02,74.11,Human Resources
483,Sauncho Leighfield,14,sleighfieldde@bandcamp.com,Male,1.74,69.4,Accounting
484,Rockey Moloney,10,rmoloneydf@cbslocal.com,Male,1.17,80.84,Business Development
485,Antonia Goddard,18,agoddarddg@vkontakte.ru,Genderqueer,1.88,66.86,Services
486,Bendicty Emanuel,12,bemanueldh@icio.us,Male,1.63,85.32,Research and Development
487,Tommy Rablin,17,trablindi@stumbleupon.com,Male,1.22,86.25,Legal
488,Sharl Sinden,12,ssindendj@utexas.edu,Female,1.25,73.69,Business Development
489,Rebecca Purkess,14,rpurkessdk@alexa.com,Female,1.83,80.87,Training
490,Nicky Childs,12,nchildsdl@mail.ru,Female,1.74,69.17,Support
491,Rorie Crush,14,rcrushdm@techcrunch.com,Female,1.86,71.3,Marketing
492,Dorise Bott,11,dbottdn@cdbaby.com,Female,1.34,79.31,Legal
493,Levey Monaghan,10,lmonaghando@nytimes.com,Male,1.18,71.96,Accounting
494,Brooks MacEveley,19,bmaceveleydp@webnode.com,Male,1.93,89.57,Research and Development
495,Melisent Brumbie,11,mbrumbiedq@technorati.com,Female,1.85,85.76,Engineering
496,Ruthie Dyett,12,rdyettdr@marketwatch.com,Female,1.46,87.18,Support
497,Annissa Chrstine,18,achrstineds@studiopress.com,Female,1.95,67.84,Human Resources
498,Carree Lidierth,18,clidierthdt@desdev.cn,Agender,1.12,82.8,Research and Development
499,Joey Willgoose,15,jwillgoosedu@harvard.edu,Female,1.97,62.15,Sales
500,Evyn Danelut,12,edanelutdv@hc360.com,Male,1.05,80.36,Sales
501,Amabel Boxell,14,aboxelldw@tinypic.com,Agender,1.53,87.5,Legal
502,Domenic Pochin,19,dpochindx@mozilla.com,Male,1.57,83.11,Services
503,Agustin Matuska,18,amatuskady@gravatar.com,Male,1.8,85.31,Services
504,Fletcher Ellaway,19,fellawaydz@buzzfeed.com,Male,1.16,68.92,Support
505,Lucretia Le Fevre,11,llee0@ibm.com,Female,1.9,78.07,Accounting
506,Raymund Cay,19,rcaye1@pbs.org,Genderfluid,1.8,72.47,Legal
507,Martyn Ambler,17,mamblere2@etsy.com,Male,1.98,75.49,Training
508,Evelin Helsby,18,ehelsbye3@dailymail.co.uk,Male,1.08,73.06,Research and Development
509,Delmer Bolger,17,dbolgere4@springer.com,Genderqueer,1.04,66.26,Services
510,Romeo Berrigan,18,rberrigane5@google.com.au,Male,1.52,69.69,Engineering
511,Roxanna Gye,19,rgyee6@spiegel.de,Female,1.64,87.27,Research and Development
512,Tallie Prayer,15,tprayere7@ed.gov,Female,1.73,73.07,Training
513,Darelle Wallach,18,dwallache8@wufoo.com,Female,1.35,72.36,Services
514,Adrian Fonso,12,afonsoe9@census.gov,Female,1.93,71.25,Human Resources
515,Babita Rodriguez,16,brodriguezea@hugedomains.com,Female,1.62,81.62,Sales
516,Nataline Packman,14,npackmaneb@cdc.gov,Female,1.3,75.58,Training
517,Olav Rhubottom,19,orhubottomec@prnewswire.com,Male,1.01,75.24,Product Management
518,Danny Spurrett,17,dspurretted@ucoz.ru,Female,1.13,68.46,Support
519,Reinhard Thripp,15,rthrippee@cdbaby.com,Non-binary,1.23,67.45,Sales
520,Jeffie Mushawe,10,jmushaweef@domainmarket.com,Male,1.47,82.51,Marketing
521,Karil Ritson,11,kritsoneg@devhub.com,Female,1.08,82.39,Training
522,Logan Vero,11,lveroeh@ezinearticles.com,Male,1.83,66.88,Legal
523,Farah Dunstone,12,fdunstoneei@addthis.com,Female,1.36,76.18,Business Development
524,Lowell Keigher,15,lkeigherej@spiegel.de,Non-binary,1.84,89.68,Marketing
525,Jenilee Brandrick,17,jbrandrickek@sfgate.com,Bigender,1.59,66.19,Marketing
526,Thaine Eminson,11,teminsonel@tiny.cc,Non-binary,1.5,75.68,Legal
527,Rebekkah Limbrick,17,rlimbrickem@ebay.com,Bigender,1.81,66.82,Legal
528,Igor Meininger,17,imeiningeren@netscape.com,Male,1.72,81.47,Training
529,Cris Goodley,13,cgoodleyeo@taobao.com,Male,1.09,67.75,Product Management
530,Demetria Bruniges,12,dbrunigesep@ibm.com,Female,1.17,64.73,Engineering
531,Perkin Delap,12,pdelapeq@godaddy.com,Male,1.91,88.09,Sales
532,Sherill Shilburne,15,sshilburneer@studiopress.com,Female,1.65,77.09,Services
533,Kylynn Tingle,14,ktinglees@google.ca,Female,1.19,79.57,Engineering
534,Gayle Gunstone,18,ggunstoneet@rakuten.co.jp,Male,1.2,83.68,Product Management
535,Ilaire Issac,15,iissaceu@nasa.gov,Male,1.41,87.62,Research and Development
536,Delmer Smowton,15,dsmowtonev@altervista.org,Male,1.98,64.9,Human Resources
537,Annemarie Delacourt,15,adelacourtew@redcross.org,Female,1.84,80.27,Research and Development
538,Keith Heale,18,khealeex@twitter.com,Male,1.35,82.63,Accounting
539,Zabrina Christley,15,zchristleyey@chronoengine.com,Female,1.73,63.84,Marketing
540,Alexander Chedgey,11,achedgeyez@meetup.com,Male,1.83,75.02,Sales
541,Eldon Ailward,11,eailwardf0@wsj.com,Agender,1.81,61.28,Business Development
542,Albina De Caroli,13,adef1@desdev.cn,Bigender,1.9,77.98,Sales
543,Eba Willoway,10,ewillowayf2@comsenz.com,Female,1.92,63.94,Legal
544,Cordy Milillo,12,cmilillof3@upenn.edu,Female,1.45,64.43,Sales
545,Filberto Hearsey,14,fhearseyf4@chron.com,Male,1.7,74.77,Accounting
546,Annetta Nardrup,10,anardrupf5@addthis.com,Female,1.21,65.85,Accounting
547,Fransisco Pengilly,16,fpengillyf6@chron.com,Male,1.86,89.22,Support
548,Hyatt Flode,11,hflodef7@ucsd.edu,Male,1.83,73.55,Product Management
549,Delaney Vint,17,dvintf8@scientificamerican.com,Polygender,1.47,84.83,Business Development
550,Tate Maletratt,12,tmaletrattf9@dagondesign.com,Male,1.19,78.5,Product Management
551,Gavin Barrasse,15,gbarrassefa@pen.io,Male,1.38,87.77,Support
552,Nehemiah Vogl,12,nvoglfb@fda.gov,Male,1.59,78.53,Support
553,Chad Linton,14,clintonfc@kickstarter.com,Male,1.27,70.86,Research and Development
554,Lane Garaway,16,lgarawayfd@jalbum.net,Male,1.93,69.37,Sales
555,Dru Carren,18,dcarrenfe@dailymotion.com,Male,1.25,84.52,Accounting
556,Diannne Boddy,10,dboddyff@theglobeandmail.com,Female,1.93,84.75,Human Resources
557,Eachelle Comiam,10,ecomiamfg@yale.edu,Polygender,1.27,87.12,Services
558,Sibby McGlade,16,smcgladefh@chronoengine.com,Female,1.45,75.59,Marketing
559,Rick Dyter,19,rdyterfi@wordpress.com,Male,1.53,60.56,Accounting
560,Demetrius Woolis,10,dwoolisfj@businesswire.com,Male,1.33,83.39,Services
561,Efrem Fernao,13,efernaofk@latimes.com,Male,1.78,64.7,Business Development
562,Doy Mandell,12,dmandellfl@dailymotion.com,Male,1.82,74.94,Engineering
563,Mariska Farloe,11,mfarloefm@bizjournals.com,Female,1.23,89.6,Research and Development
564,Herculie Albasini,14,halbasinifn@creativecommons.org,Male,1.5,63.52,Services
565,Steward Neward,14,snewardfo@yelp.com,Male,1.1,73.4,Services
566,Osbourn Lancashire,15,olancashirefp@wikimedia.org,Male,1.5,71.38,Support
567,Katrina Sorrie,17,ksorriefq@storify.com,Female,1.6,79.87,Sales
568,Etheline Town,12,etownfr@xinhuanet.com,Female,1.2,82.1,Training
569,Lek Sutworth,17,lsutworthfs@cargocollective.com,Male,1.76,85.67,Training
570,Shelia Hatherleigh,14,shatherleighft@newyorker.com,Female,1.9,72.11,Services
571,Alfred Castillou,11,acastilloufu@rakuten.co.jp,Male,1.52,69.36,Legal
572,Ruddy Foulcher,12,rfoulcherfv@vistaprint.com,Male,1.02,88.3,Training
573,Theresita Traviss,18,ttravissfw@google.com.au,Female,1.92,75.25,Sales
574,Karna Neath,14,kneathfx@discovery.com,Female,1.68,83.85,Training
575,Dill Venny,13,dvennyfy@wp.com,Male,1.02,71.55,Business Development
576,Alana Scarratt,11,ascarrattfz@php.net,Female,1.61,78.0,Sales
577,Katy Popworth,18,kpopworthg0@last.fm,Female,1.37,83.68,Legal
578,Taddeusz Tollett,15,ttollettg1@list-manage.com,Male,1.17,77.62,Human Resources
579,Vania Cardoo,19,vcardoog2@patch.com,Female,1.61,80.31,Product Management
580,Mariele Firsby,10,mfirsbyg3@google.es,Female,1.2,64.2,Support
581,Steward Otridge,12,sotridgeg4@aol.com,Bigender,1.99,71.11,Engineering
582,Shannon Kinsett,13,skinsettg5@amazon.de,Male,1.36,88.21,Accounting
583,Harmonie Waddam,15,hwaddamg6@ed.gov,Female,1.38,66.43,Services
584,Tana Ollivier,13,tollivierg7@ovh.net,Female,1.9,73.41,Training
585,Maryl D'Elia,12,mdeliag8@vimeo.com,Female,1.84,64.71,Research and Development
586,Allister Barrs,12,abarrsg9@nytimes.com,Male,1.35,88.0,Marketing
587,Witty Keane,19,wkeanega@1und1.de,Bigender,1.24,61.16,Product Management
588,Gordy Jermin,18,gjermingb@joomla.org,Male,1.93,65.24,Engineering
589,Tadeas Cromblehome,19,tcromblehomegc@dmoz.org,Male,1.97,64.2,Business Development
590,Sorcha Maroney,12,smaroneygd@jimdo.com,Female,1.25,79.11,Business Development
591,Flossy Kennham,10,fkennhamge@ftc.gov,Female,1.2,73.87,Engineering
592,Josey Berthomieu,12,jberthomieugf@csmonitor.com,Female,1.59,65.02,Legal
593,Baron Duffet,13,bduffetgg@toplist.cz,Male,1.63,84.84,Training
594,Marissa Chelley,19,mchelleygh@discuz.net,Female,1.12,73.38,Research and Development
595,Kiah Tollady,14,ktolladygi@exblog.jp,Female,1.31,83.84,Engineering
596,York McSporrin,12,ymcsporringj@nationalgeographic.com,Male,1.41,78.38,Human Resources
597,Johanna Wyeld,11,jwyeldgk@illinois.edu,Female,1.3,85.67,Support
598,Ollie Ianilli,12,oianilligl@ox.ac.uk,Male,1.22,67.38,Marketing
599,Mahmoud Riddles,14,mriddlesgm@about.me,Male,1.05,77.5,Services
600,Roby Kelsey,16,rkelseygn@hud.gov,Female,1.14,76.98,Engineering
601,Agna Tschierse,18,atschiersego@usatoday.com,Female,1.14,87.34,Legal
602,Bernie Fogarty,13,bfogartygp@surveymonkey.com,Female,1.0,73.82,Support
603,Horacio Blumfield,16,hblumfieldgq@parallels.com,Male,1.1,76.53,Engineering
604,Kinnie Lehmann,13,klehmanngr@vk.com,Polygender,1.97,82.21,Business Development
605,Stacie Dakers,16,sdakersgs@github.com,Female,1.78,74.12,Research and Development
606,Alexis Seares,19,asearesgt@mail.ru,Female,1.98,63.33,Marketing
607,Griz Jouen,19,gjouengu@noaa.gov,Male,1.42,61.94,Research and Development
608,Gene Laundon,17,glaundongv@economist.com,Male,1.11,81.26,Engineering
609,Bryn Potteridge,11,bpotteridgegw@adobe.com,Female,1.06,78.47,Sales
610,Jo ann Bambrugh,18,janngx@psu.edu,Female,1.79,86.78,Engineering
611,Stanly Craigheid,19,scraigheidgy@google.ca,Male,1.51,82.19,Product Management
612,Tatiania Bonaire,12,tbonairegz@youtu.be,Female,1.27,83.83,Marketing
613,Norbert Ebbotts,18,nebbottsh0@mozilla.com,Male,1.13,65.74,Business Development
614,Denny Di Franceshci,19,ddih1@hp.com,Male,1.72,67.33,Product Management
615,Fergus Garrard,11,fgarrardh2@diigo.com,Male,1.32,87.0,Human Resources
616,Ulrich Atlee,17,uatleeh3@over-blog.com,Male,1.45,69.57,Human Resources
617,Elli Faldo,13,efaldoh4@blogspot.com,Female,1.06,70.51,Research and Development
618,Adrianna Berrill,16,aberrillh5@github.io,Female,1.87,71.69,Human Resources
619,Alphonse Ghilardi,10,aghilardih6@earthlink.net,Male,1.48,86.25,Accounting
620,Gayelord Szepe,15,gszepeh7@homestead.com,Male,1.82,62.5,Training
621,Nellie Newnham,11,nnewnhamh8@uol.com.br,Female,1.18,83.57,Marketing
622,Ema Woolam,15,ewoolamh9@wikimedia.org,Female,1.27,65.03,Research and Development
623,Jard Matyas,14,jmatyasha@studiopress.com,Male,1.92,81.16,Engineering
624,Giavani Wrench,16,gwrenchhb@berkeley.edu,Male,1.22,71.83,Sales
625,Christy Fendley,11,cfendleyhc@patch.com,Male,1.28,84.19,Training
626,Vannie Voyce,15,vvoycehd@wikispaces.com,Female,1.2,71.16,Legal
627,Keslie Dosedale,13,kdosedalehe@goo.gl,Female,1.2,79.78,Research and Development
628,Vince Beiderbeck,10,vbeiderbeckhf@pcworld.com,Polygender,1.61,68.92,Support
629,Arlyn Baynam,19,abaynamhg@nasa.gov,Female,1.83,74.8,Support
630,Bourke Girardez,13,bgirardezhh@feedburner.com,Male,1.19,67.84,Accounting
631,Aleda Bascombe,19,abascombehi@github.io,Female,1.44,64.84,Marketing
632,Erika Coweuppe,19,ecoweuppehj@cdbaby.com,Female,1.9,67.55,Human Resources
633,Terri Waller-Bridge,11,twallerbridgehk@hatena.ne.jp,Female,1.1,81.66,Marketing
634,Allegra Reyburn,10,areyburnhl@google.co.uk,Female,1.16,77.22,Training
635,Frederic Skeemor,13,fskeemorhm@amazon.de,Male,1.53,86.91,Support
636,Roscoe Hoffman,16,rhoffmanhn@facebook.com,Male,1.21,80.37,Sales
637,Yolanthe Baudins,14,ybaudinsho@elpais.com,Female,1.8,89.78,Support
638,Erin Waddup,19,ewadduphp@parallels.com,Male,1.31,67.33,Support
639,Billie Brim,17,bbrimhq@quantcast.com,Male,1.87,87.81,Marketing
640,Elke Saunderson,18,esaundersonhr@twitpic.com,Female,1.96,87.8,Accounting
641,Clarinda Father,13,cfatherhs@home.pl,Female,1.97,86.44,Legal
642,Clovis Coyle,12,ccoyleht@fc2.com,Female,1.84,71.66,Engineering
643,Jecho Greson,18,jgresonhu@howstuffworks.com,Male,1.75,81.83,Training
644,Con Akenhead,18,cakenheadhv@hibu.com,Male,1.25,70.57,Research and Development
645,Penrod Coolbear,11,pcoolbearhw@dailymail.co.uk,Bigender,1.24,67.55,Support
646,Perkin Axcell,15,paxcellhx@reverbnation.com,Male,1.09,81.27,Sales
647,Edmund Duggan,19,edugganhy@slate.com,Male,1.46,69.04,Business Development
648,Katusha Rawlin,16,krawlinhz@wunderground.com,Female,1.61,71.33,Research and Development
649,Christy Katt,12,ckatti0@ebay.com,Male,1.98,61.11,Services
650,Winne Sivil,15,wsivili1@meetup.com,Female,1.69,87.28,Sales
651,Feliza Tunnow,12,ftunnowi2@wikimedia.org,Female,1.33,70.95,Training
652,Merry Darbey,17,mdarbeyi3@yahoo.com,Female,1.7,83.27,Human Resources
653,Grange Tern,16,gterni4@geocities.jp,Male,1.74,64.99,Human Resources
654,Veronica Cashford,10,vcashfordi5@tmall.com,Female,1.02,65.86,Product Management
655,Adriaens Pigne,16,apignei6@ted.com,Female,1.48,88.2,Support
656,Viviana Khan,18,vkhani7@bing.com,Female,1.95,85.32,Training
657,Marillin Snugg,14,msnuggi8@princeton.edu,Genderfluid,1.31,60.88,Accounting
658,Ellerey McCrisken,15,emccriskeni9@dagondesign.com,Male,1.16,80.39,Product Management
659,Gerardo Buzzing,14,gbuzzingia@tripadvisor.com,Male,1.07,61.75,Accounting
660,Joelle Rollingson,18,jrollingsonib@furl.net,Female,1.56,62.18,Product Management
661,Norman Collinge,11,ncollingeic@furl.net,Male,1.55,68.34,Training
662,Rozelle Vinden,12,rvindenid@vk.com,Female,1.6,61.21,Product Management
663,Spence Eyrl,19,seyrlie@prlog.org,Male,1.56,83.36,Legal
664,Erek Chadderton,15,echaddertonif@instagram.com,Male,1.79,63.12,Human Resources
665,Serge Bortolozzi,15,sbortolozziig@sina.com.cn,Male,1.97,89.11,Marketing
666,Con Gailor,18,cgailorih@fastcompany.com,Female,1.33,74.75,Business Development
667,Aubrette Kohrding,18,akohrdingii@histats.com,Female,1.46,71.26,Legal
668,Missie Humphries,19,mhumphriesij@google.pl,Female,1.98,86.05,Accounting
669,Jeanna Dienes,14,jdienesik@ft.com,Genderfluid,1.53,76.53,Business Development
670,Charil Bickmore,13,cbickmoreil@symantec.com,Bigender,1.97,89.74,Product Management
671,Trixy Blay,11,tblayim@merriam-webster.com,Female,1.53,68.66,Legal
672,Ciro Humpage,13,chumpagein@nymag.com,Male,1.53,83.9,Support
673,Kit Warlawe,11,kwarlaweio@bloglines.com,Non-binary,1.17,82.95,Support
674,Gustaf Greenaway,17,ggreenawayip@instagram.com,Male,1.7,73.87,Legal
675,Baldwin De Fraine,16,bdeiq@wufoo.com,Male,1.94,87.3,Product Management
676,Woodie Dybell,10,wdybellir@eventbrite.com,Male,1.64,69.25,Support
677,Torrence MacCook,16,tmaccookis@washingtonpost.com,Male,1.21,75.66,Accounting
678,Maure Weymouth,10,mweymouthit@qq.com,Female,1.43,63.86,Product Management
679,Antonin Rubinfeld,17,arubinfeldiu@facebook.com,Male,1.38,75.7,Training
680,Lorrin Gounod,19,lgounodiv@discuz.net,Female,1.78,82.25,Product Management
681,Valerie Bute,11,vbuteiw@slashdot.org,Female,1.94,87.61,Sales
682,Claresta Caldron,12,ccaldronix@sakura.ne.jp,Female,1.29,64.31,Engineering
683,Harwell Denyukin,14,hdenyukiniy@auda.org.au,Male,1.78,66.76,Marketing
684,Angelia Abbay,11,aabbayiz@chicagotribune.com,Female,1.26,64.61,Accounting
685,Tobiah Hoffner,13,thoffnerj0@wikispaces.com,Male,1.69,60.1,Engineering
686,Maude Stollenwerck,19,mstollenwerckj1@ebay.com,Female,1.59,74.55,Product Management
687,Amil Seiler,16,aseilerj2@amazon.co.uk,Female,1.28,73.91,Research and Development
688,Val Rillatt,11,vrillattj3@pagesperso-orange.fr,Female,1.21,65.11,Training
689,Ced Brittan,15,cbrittanj4@who.int,Male,1.63,60.02,Business Development
690,Clea Ortzen,15,cortzenj5@webeden.co.uk,Female,1.3,75.09,Services
691,Tabby Twelvetrees,13,ttwelvetreesj6@webnode.com,Male,1.54,83.24,Business Development
692,Hoyt Rupp,13,hruppj7@reverbnation.com,Male,1.75,62.35,Accounting
693,Derward Twamley,16,dtwamleyj8@google.com.br,Male,1.58,69.06,Legal
694,Drusi Kendle,19,dkendlej9@google.com.br,Female,1.89,85.18,Services
695,Marline MacConnechie,17,mmacconnechieja@fda.gov,Female,1.16,87.68,Legal
696,Kelwin Lefort,19,klefortjb@1und1.de,Genderqueer,2.0,63.6,Product Management
697,Dede Markovic,15,dmarkovicjc@cyberchimps.com,Female,1.73,81.86,Product Management
698,Gerome Seers,16,gseersjd@smugmug.com,Male,1.78,80.59,Engineering
699,Berne Janicek,16,bjanicekje@phoca.cz,Male,1.12,79.39,Product Management
700,Joceline Jurn,11,jjurnjf@umich.edu,Female,1.16,83.62,Legal
701,Templeton Alessandrelli,11,talessandrellijg@taobao.com,Male,1.14,68.59,Product Management
702,Toiboid Fetter,14,tfetterjh@wikimedia.org,Male,1.77,75.01,Legal
703,Verine Camlin,16,vcamlinji@hhs.gov,Female,1.72,83.75,Training
704,Jasmin Grishkov,14,jgrishkovjj@sogou.com,Female,1.05,83.81,Business Development
705,Billye Shere,11,bsherejk@booking.com,Female,1.24,85.97,Training
706,Kristo Honacker,13,khonackerjl@stumbleupon.com,Male,1.43,75.46,Research and Development
707,Emiline Bloxam,12,ebloxamjm@wisc.edu,Female,1.84,60.86,Services
708,Maryanna Ryman,17,mrymanjn@youtu.be,Female,1.9,61.05,Marketing
709,Tab Garrit,11,tgarritjo@bravesites.com,Male,1.89,69.58,Research and Development
710,Vicky Childrens,14,vchildrensjp@narod.ru,Bigender,1.84,70.19,Training
711,Barbabra Demcak,17,bdemcakjq@gov.uk,Female,1.28,69.79,Support
712,Skippie Burghill,15,sburghilljr@wp.com,Male,1.35,86.95,Sales
713,Marj de Cullip,19,mdejs@imgur.com,Female,1.33,86.32,Marketing
714,Sander Gillean,11,sgilleanjt@alexa.com,Male,1.58,63.75,Product Management
715,Gun Featherstonehaugh,10,gfeatherstonehaughju@stumbleupon.com,Male,1.02,72.36,Engineering
716,Bamby Jenkins,14,bjenkinsjv@icq.com,Female,1.11,66.54,Legal
717,Sue Cady,14,scadyjw@ibm.com,Female,1.1,64.14,Legal
718,Hieronymus Clogg,17,hcloggjx@mediafire.com,Male,1.75,72.8,Training
719,Eddy Whitcher,10,ewhitcherjy@dailymotion.com,Male,1.23,79.04,Services
720,Raf Pyne,13,rpynejz@columbia.edu,Female,1.91,76.95,Support
721,Rutledge Beyn,11,rbeynk0@issuu.com,Male,1.5,79.85,Sales
722,Conant Bessom,12,cbessomk1@reuters.com,Agender,1.77,81.48,Support
723,Adelle Terese,16,ateresek2@cpanel.net,Female,1.45,62.65,Sales
724,Shirline Mintoff,19,smintoffk3@so-net.ne.jp,Female,1.3,77.66,Legal
725,Cris Starton,16,cstartonk4@xrea.com,Female,1.64,68.29,Research and Development
726,Lorain Rankin,14,lrankink5@wordpress.com,Female,1.12,86.22,Engineering
727,Baxter Widdop,16,bwiddopk6@youtu.be,Male,1.05,79.16,Legal
728,Maje Deverson,11,mdeversonk7@angelfire.com,Male,1.58,68.26,Business Development
729,Melantha McComiskie,13,mmccomiskiek8@shinystat.com,Female,1.74,60.61,Human Resources
730,Zabrina Bavin,12,zbavink9@nhs.uk,Female,1.61,78.09,Product Management
731,Doll Veasey,12,dveaseyka@smh.com.au,Female,1.77,89.72,Marketing
732,Vinita Holdin,10,vholdinkb@dailymail.co.uk,Female,1.51,61.97,Legal
733,Hernando Tittletross,12,htittletrosskc@desdev.cn,Male,1.9,82.12,Research and Development
734,Kippy Esel,14,keselkd@noaa.gov,Female,1.76,64.73,Product Management
735,Hope Sictornes,19,hsictorneske@wikia.com,Female,1.77,83.98,Sales
736,Rosabella Eirwin,19,reirwinkf@ftc.gov,Female,1.09,79.12,Support
737,Andrey Raven,13,aravenkg@virginia.edu,Male,1.2,62.14,Legal
738,Gaby Cottell,14,gcottellkh@altervista.org,Genderfluid,1.01,64.49,Training
739,Alic Sawnwy,17,asawnwyki@baidu.com,Male,1.15,85.09,Legal
740,Olympe Hopewell,11,ohopewellkj@elegantthemes.com,Female,1.34,85.71,Engineering
741,Valentine Soame,10,vsoamekk@cpanel.net,Genderfluid,1.8,78.41,Sales
742,Christen Stockton,17,cstocktonkl@usgs.gov,Female,1.96,72.1,Engineering
743,Letizia Wightman,15,lwightmankm@ycombinator.com,Female,1.86,72.79,Product Management
744,Cammy Bavidge,11,cbavidgekn@salon.com,Polygender,1.87,77.66,Support
745,Jillayne Winslade,10,jwinsladeko@nymag.com,Female,1.52,66.33,Training
746,Candis Youngs,17,cyoungskp@themeforest.net,Female,1.43,87.12,Engineering
747,Karlis Garrick,19,kgarrickkq@timesonline.co.uk,Male,1.64,85.44,Human Resources
748,Leo Whitlaw,18,lwhitlawkr@marketwatch.com,Male,1.34,69.51,Training
749,Edik Manass,12,emanassks@t-online.de,Male,1.86,89.88,Training
750,Thorn Edsell,13,tedsellkt@yellowpages.com,Male,1.32,86.47,Sales
751,Tobie Brumbye,14,tbrumbyeku@princeton.edu,Male,1.6,87.44,Accounting
752,Bendicty Burry,14,bburrykv@bigcartel.com,Male,1.5,77.71,Human Resources
753,Gregory Wardrop,14,gwardropkw@amazon.co.uk,Male,1.43,82.58,Human Resources
754,Marris Chiles,11,mchileskx@yandex.ru,Female,1.72,69.47,Research and Development
755,Hubie MacCurley,17,hmaccurleyky@cnet.com,Genderqueer,1.06,65.65,Sales
756,Dayle Inkle,17,dinklekz@instagram.com,Female,1.26,75.64,Accounting
757,Liesa Burnand,13,lburnandl0@ibm.com,Female,1.12,80.92,Research and Development
758,Rabbi Oughtright,11,roughtrightl1@dropbox.com,Male,1.62,88.39,Legal
759,Raquela Powdrell,10,rpowdrelll2@ebay.com,Polygender,1.88,86.97,Research and Development
760,Wald Snowden,19,wsnowdenl3@kickstarter.com,Polygender,1.11,75.87,Product Management
761,Mavis Proud,11,mproudl4@wix.com,Female,1.6,85.99,Legal
762,Charyl Biaggi,19,cbiaggil5@mail.ru,Female,1.09,88.51,Support
763,Tim Fourman,19,tfourmanl6@berkeley.edu,Male,1.68,79.52,Services
764,Rodrick Norgan,19,rnorganl7@about.com,Male,1.92,87.14,Product Management
765,Betteann Sellers,15,bsellersl8@mit.edu,Female,1.52,80.36,Research and Development
766,Anatollo Patry,14,apatryl9@reverbnation.com,Male,1.85,68.21,Product Management
767,Ronald Derycot,15,rderycotla@thetimes.co.uk,Male,1.73,78.07,Engineering
768,Ingeberg Barensen,19,ibarensenlb@stumbleupon.com,Genderqueer,1.07,73.29,Research and Development
769,Giana Slowley,18,gslowleylc@cdbaby.com,Female,1.23,80.16,Marketing
770,Ferd Ahmad,11,fahmadld@drupal.org,Male,1.1,62.27,Human Resources
771,Curt Geill,14,cgeillle@sciencedirect.com,Male,1.04,79.21,Research and Development
772,Myrtia Goodey,12,mgoodeylf@issuu.com,Female,1.76,73.7,Training
773,Sissy Skacel,16,sskacellg@fda.gov,Female,1.75,72.35,Marketing
774,Robyn Stockoe,17,rstockoelh@businessinsider.com,Female,1.18,70.78,Research and Development
775,Ricardo Skittreal,17,rskittrealli@dagondesign.com,Male,1.92,76.29,Sales
776,Rodolphe Sawrey,11,rsawreylj@stanford.edu,Male,1.92,77.58,Legal
777,Falito Whittuck,12,fwhittucklk@dmoz.org,Non-binary,1.45,81.11,Services
778,Piper Igglesden,15,pigglesdenll@google.com.au,Female,1.09,79.58,Training
779,Chickie Pashen,11,cpashenlm@statcounter.com,Male,1.14,87.8,Human Resources
780,Elias Godon,17,egodonln@google.pl,Male,1.19,81.02,Product Management
781,Leyla Jedraszczyk,16,ljedraszczyklo@ifeng.com,Female,1.31,60.53,Product Management
782,Auria Leishman,19,aleishmanlp@msu.edu,Female,1.13,79.8,Marketing
783,Darrick Pepon,19,dpeponlq@about.me,Male,1.13,82.57,Engineering
784,Joellen Galbreth,16,jgalbrethlr@deviantart.com,Female,1.89,62.29,Sales
785,Odelinda Wigan,14,owiganls@hao123.com,Female,1.82,75.3,Marketing
786,Walton Sargant,11,wsargantlt@hibu.com,Male,1.04,79.27,Support
787,Jamie Devey,12,jdeveylu@webmd.com,Male,1.68,85.43,Marketing
788,Matthus McCaughran,10,mmccaughranlv@diigo.com,Male,1.13,70.24,Sales
789,Waylon Dahle,11,wdahlelw@jugem.jp,Male,1.99,74.29,Training
790,Cati Pennycook,11,cpennycooklx@bing.com,Female,1.64,76.28,Business Development
791,Kippie Keyworth,14,kkeyworthly@cbslocal.com,Genderfluid,1.75,71.11,Training
792,Boycey Veivers,15,bveiverslz@prnewswire.com,Male,1.67,82.45,Training
793,Olivero Gilogly,13,ogiloglym0@house.gov,Male,1.81,82.79,Support
794,Baron Utton,18,buttonm1@answers.com,Non-binary,1.99,75.34,Engineering
795,Dane Kirke,13,dkirkem2@elpais.com,Male,1.83,82.95,Services
796,Johnath Tong,19,jtongm3@studiopress.com,Female,1.62,75.93,Business Development
797,Tedda Mapples,12,tmapplesm4@samsung.com,Female,1.52,64.52,Training
798,Ray Ickowicz,13,rickowiczm5@webs.com,Male,1.52,87.03,Services
799,Riane Bickford,14,rbickfordm6@answers.com,Female,1.97,74.23,Marketing
800,Claresta Baldack,14,cbaldackm7@reuters.com,Female,1.51,71.58,Services
801,Cordie Gagie,15,cgagiem8@livejournal.com,Non-binary,1.42,61.5,Training
802,Ebeneser Berrecloth,10,eberreclothm9@addthis.com,Male,1.97,66.46,Business Development
803,Constanta Burkett,18,cburkettma@kickstarter.com,Agender,1.76,89.84,Product Management
804,Klemens Darrigrand,14,kdarrigrandmb@squarespace.com,Male,1.16,65.05,Training
805,Lanita Jumel,17,ljumelmc@weibo.com,Female,1.16,60.77,Accounting
806,Hector Guerra,10,hguerramd@mediafire.com,Male,1.41,65.94,Product Management
807,Jannel Mixon,14,jmixonme@prweb.com,Female,1.74,86.93,Marketing
808,Jemmie Wearden,19,jweardenmf@zimbio.com,Female,1.19,83.35,Services
809,Berthe Spight,12,bspightmg@slate.com,Female,1.89,65.85,Training
810,Corella Krojn,14,ckrojnmh@goodreads.com,Female,1.28,60.05,Engineering
811,Katherine Tomley,14,ktomleymi@pen.io,Female,1.89,68.42,Accounting
812,Paco Tingly,10,ptinglymj@drupal.org,Male,1.29,87.19,Accounting
813,Thorvald Layson,16,tlaysonmk@kickstarter.com,Bigender,1.14,75.2,Services
814,Berk Ruddoch,11,bruddochml@sakura.ne.jp,Male,1.93,62.7,Engineering
815,Torin Scamerden,14,tscamerdenmm@instagram.com,Male,1.25,65.6,Engineering
816,Jonas Watkinson,14,jwatkinsonmn@miitbeian.gov.cn,Male,1.94,67.07,Engineering
817,Elenore Mingaud,10,emingaudmo@chron.com,Female,1.87,67.37,Sales
818,Belinda Davidov,11,bdavidovmp@altervista.org,Female,1.83,86.81,Services
819,Symon Patrickson,18,spatricksonmq@mysql.com,Male,1.63,72.01,Engineering
820,Caitlin Carswell,14,ccarswellmr@harvard.edu,Female,1.99,80.97,Engineering
821,Stearne Beggi,11,sbeggims@nymag.com,Male,1.55,64.41,Sales
822,Abbey Szymonwicz,11,aszymonwiczmt@businessweek.com,Male,1.46,71.08,Research and Development
823,Janet Buckett,16,jbuckettmu@globo.com,Female,1.08,79.97,Marketing
824,Auroora D'Abbot-Doyle,15,adabbotdoylemv@4shared.com,Female,1.65,83.69,Support
825,Lonnie Abramovitch,12,labramovitchmw@statcounter.com,Male,1.64,78.2,Training
826,Annissa Ferrettino,11,aferrettinomx@europa.eu,Female,1.27,85.94,Marketing
827,Andrey Gunthorp,17,agunthorpmy@tiny.cc,Agender,1.11,79.7,Support
828,Clarabelle Element,13,celementmz@sina.com.cn,Female,1.32,66.49,Services
829,Grantham Beningfield,10,gbeningfieldn0@whitehouse.gov,Male,1.71,70.44,Human Resources
830,Cobb Casine,16,ccasinen1@friendfeed.com,Male,1.93,80.76,Product Management
831,Hyacinth Eagling,16,heaglingn2@acquirethisname.com,Female,1.35,75.14,Accounting
832,Gilbert Axtell,15,gaxtelln3@google.co.jp,Male,1.05,88.39,Legal
833,Conant McIlrath,12,cmcilrathn4@opera.com,Male,1.43,89.01,Training
834,Danila Tuminini,11,dtumininin5@purevolume.com,Female,1.67,81.29,Sales
835,Ewan Pinare,15,epinaren6@princeton.edu,Genderqueer,1.21,84.25,Product Management
836,Fleur Accum,17,faccumn7@columbia.edu,Female,1.67,83.85,Services
837,Ruthe Izkovitch,16,rizkovitchn8@skype.com,Female,1.61,79.84,Marketing
838,Emmy Joannet,18,ejoannetn9@amazon.co.uk,Male,1.37,70.13,Training
839,Rodolph Klassman,13,rklassmanna@cdc.gov,Male,1.96,80.72,Legal
840,Edeline Aguilar,14,eaguilarnb@nymag.com,Female,1.74,78.83,Accounting
841,Linda Caulkett,18,lcaulkettnc@youtube.com,Female,1.75,63.23,Training
842,Mata Galbreath,19,mgalbreathnd@google.de,Male,1.66,76.43,Training
843,Sarina Arsey,15,sarseyne@xinhuanet.com,Female,1.81,65.92,Research and Development
844,Gard Prattington,14,gprattingtonnf@digg.com,Male,1.89,89.63,Business Development
845,Rowen Alsobrook,16,ralsobrookng@blogger.com,Agender,1.76,70.55,Legal
846,Moyra Goddert.sf,16,mgoddertsfnh@telegraph.co.uk,Female,1.45,83.89,Human Resources
847,Stoddard Spurett,16,sspurettni@feedburner.com,Female,1.23,60.27,Legal
848,Mohammed Benzi,11,mbenzinj@digg.com,Male,1.7,67.64,Business Development
849,Vinny MacGinney,17,vmacginneynk@typepad.com,Male,1.46,62.11,Legal
850,Cristi Manwell,16,cmanwellnl@tamu.edu,Female,1.16,77.97,Legal
851,Alexis Bovey,19,aboveynm@livejournal.com,Male,1.48,71.2,Support
852,Nevil Krimmer,13,nkrimmernn@miitbeian.gov.cn,Male,1.21,89.43,Services
853,Korrie Rainbow,13,krainbowno@upenn.edu,Female,2.0,62.56,Training
854,Constantine Kleeborn,11,ckleebornnp@arizona.edu,Male,1.27,70.53,Sales
855,Margy Moubray,17,mmoubraynq@rediff.com,Female,1.92,71.67,Sales
856,Dynah Zohrer,19,dzohrernr@seattletimes.com,Female,1.75,85.2,Support
857,Thain Gerritzen,10,tgerritzenns@ted.com,Male,1.85,71.38,Services
858,Jaymee Gruszka,12,jgruszkant@nytimes.com,Agender,1.53,89.56,Sales
859,Ximenez Christopherson,14,xchristophersonnu@newsvine.com,Male,1.51,77.68,Training
860,Huntlee Prestige,16,hprestigenv@privacy.gov.au,Male,1.11,81.31,Engineering
861,Jase Edinborough,14,jedinboroughnw@timesonline.co.uk,Male,1.13,83.14,Accounting
862,Shannan Vischi,14,svischinx@ucla.edu,Male,1.8,83.64,Support
863,Cassie Wyper,17,cwyperny@theatlantic.com,Female,1.91,78.05,Legal
864,Fionna Stolli,10,fstollinz@sogou.com,Female,1.34,88.24,Accounting
865,Dacia Wason,14,dwasono0@sakura.ne.jp,Female,1.39,89.43,Marketing
866,Garald Berrisford,10,gberrisfordo1@surveymonkey.com,Male,1.49,86.97,Business Development
867,Tiffie Petruk,16,tpetruko2@i2i.jp,Female,1.16,79.98,Sales
868,Olvan Byway,15,obywayo3@howstuffworks.com,Male,1.95,77.58,Engineering
869,Dionis Oats,12,doatso4@yelp.com,Female,1.26,61.84,Services
870,Conan Langtry,13,clangtryo5@uiuc.edu,Male,1.67,67.33,Accounting
871,Kristan Stirman,10,kstirmano6@techcrunch.com,Female,1.64,63.17,Support
872,Danell Cray,12,dcrayo7@umich.edu,Female,1.91,73.09,Research and Development
873,Erroll Fitzsymons,18,efitzsymonso8@cisco.com,Male,1.56,78.12,Training
874,Louie Sandifer,10,lsandifero9@accuweather.com,Male,1.36,86.61,Business Development
875,Broddy Sterzaker,10,bsterzakeroa@behance.net,Agender,1.26,77.35,Product Management
876,Giraldo Dosdale,18,gdosdaleob@webnode.com,Male,1.55,69.04,Support
877,Angelita Lilian,12,alilianoc@smh.com.au,Female,1.62,82.4,Research and Development
878,Timothea Rennison,16,trennisonod@biglobe.ne.jp,Female,1.82,68.02,Support
879,Guilbert Considine,13,gconsidineoe@ftc.gov,Male,1.9,83.2,Engineering
880,Eleanora McClymond,17,emcclymondof@naver.com,Female,1.2,80.96,Services
881,Lanae Agar,10,lagarog@japanpost.jp,Female,1.27,72.28,Legal
882,Gabie Faucett,10,gfaucettoh@uol.com.br,Female,1.43,80.78,Human Resources
883,Elsbeth Dorn,19,edornoi@woothemes.com,Female,1.06,75.26,Business Development
884,Brynn Kenaway,18,bkenawayoj@delicious.com,Polygender,1.77,69.55,Engineering
885,Toddie Loxston,14,tloxstonok@facebook.com,Genderfluid,1.16,83.32,Product Management
886,Louise Edlington,10,ledlingtonol@ning.com,Female,1.85,62.93,Sales
887,Verney Nials,17,vnialsom@earthlink.net,Male,1.52,65.52,Human Resources
888,Flinn Glancy,14,fglancyon@shareasale.com,Male,1.81,64.57,Research and Development
889,Bernard O'Luby,15,bolubyoo@bbb.org,Male,1.82,79.7,Engineering
890,Aloysia Courtois,12,acourtoisop@blog.com,Female,1.43,71.04,Services
891,Mahmoud Dumpleton,17,mdumpletonoq@angelfire.com,Male,1.54,80.14,Product Management
892,Darrel Ashfull,17,dashfullor@java.com,Male,1.99,77.72,Marketing
893,Orly Mangenet,15,omangenetos@domainmarket.com,Female,1.82,73.23,Services
894,Dore McMorran,10,dmcmorranot@t.co,Male,1.83,77.94,Training
895,Latia Peiser,11,lpeiserou@paypal.com,Female,1.45,86.96,Product Management
896,Benedetta Hamlin,17,bhamlinov@va.gov,Female,1.66,78.75,Human Resources
897,Lothario MacTague,18,lmactagueow@elegantthemes.com,Male,1.48,72.4,Services
898,Bruce Masdin,18,bmasdinox@de.vu,Male,1.41,70.68,Sales
899,Gerhardine Livock,15,glivockoy@nba.com,Female,1.55,75.54,Research and Development
900,Blanch De la Yglesias,11,bdeoz@wiley.com,Female,1.23,87.71,Product Management
901,Wait Wayt,10,wwaytp0@fotki.com,Male,1.66,63.1,Support
902,Susie Shortell,10,sshortellp1@tinypic.com,Female,1.82,62.3,Human Resources
903,Talia Andrea,18,tandreap2@cloudflare.com,Female,1.59,68.06,Product Management
904,Glenden Keetley,15,gkeetleyp3@google.nl,Male,1.72,67.75,Business Development
905,Netta Bricham,10,nbrichamp4@sfgate.com,Female,1.42,78.55,Accounting
906,Catherina Vinau,16,cvinaup5@usa.gov,Bigender,1.87,78.21,Legal
907,Kleon Cullivan,19,kcullivanp6@bizjournals.com,Agender,1.55,80.04,Product Management
908,Gannon MacNeill,13,gmacneillp7@bravesites.com,Male,1.01,74.09,Legal
909,Kristoffer Southern,19,ksouthernp8@jiathis.com,Male,1.3,66.84,Support
910,Alena Greene,10,agreenep9@addthis.com,Female,1.49,77.59,Training
911,Gasparo Ebhardt,19,gebhardtpa@pagesperso-orange.fr,Male,1.9,85.71,Product Management
912,Kerianne Lamburn,15,klamburnpb@wordpress.com,Female,1.67,69.75,Training
913,Judith Datte,17,jdattepc@cloudflare.com,Female,1.51,77.62,Human Resources
914,Mike Ferrara,13,mferrarapd@furl.net,Male,1.71,81.27,Accounting
915,Tammy Ryson,17,trysonpe@netscape.com,Male,1.23,61.79,Research and Development
916,Arlina Ormonde,11,aormondepf@timesonline.co.uk,Female,1.12,74.64,Legal
917,Issy Ablewhite,17,iablewhitepg@ebay.com,Genderfluid,1.69,68.84,Support
918,Herbie Kerwin,11,hkerwinph@chron.com,Male,1.31,74.53,Legal
919,Kerk Talby,14,ktalbypi@google.es,Male,1.34,81.87,Sales
920,Artus Haycock,18,ahaycockpj@merriam-webster.com,Male,1.25,82.06,Research and Development
921,Cathlene Philot,10,cphilotpk@yelp.com,Female,1.94,81.83,Human Resources
922,Kelsy Jiles,10,kjilespl@yelp.com,Female,1.16,78.35,Support
923,Loralee Salle,19,lsallepm@wsj.com,Female,1.52,87.85,Sales
924,Marj Swindall,10,mswindallpn@google.pl,Polygender,1.57,77.54,Support
925,Cristionna Allpress,10,callpresspo@oaic.gov.au,Female,1.52,63.83,Product Management
926,Kenna Ohms,13,kohmspp@instagram.com,Female,1.44,75.0,Support
927,Alix Abbott,18,aabbottpq@hexun.com,Bigender,1.04,65.58,Human Resources
928,Joshuah Creavan,11,jcreavanpr@umn.edu,Male,1.23,78.51,Research and Development
929,Tobie Petticrew,18,tpetticrewps@toplist.cz,Male,1.34,89.98,Business Development
930,Devlin Gullberg,13,dgullbergpt@soundcloud.com,Male,1.84,75.71,Research and Development
931,Hugibert Akett,10,hakettpu@edublogs.org,Male,1.89,76.2,Marketing
932,Gherardo Wahlberg,10,gwahlbergpv@aol.com,Bigender,1.95,80.7,Accounting
933,Cinnamon Fitzsymon,19,cfitzsymonpw@dell.com,Female,1.01,64.31,Product Management
934,Ianthe Sherer,13,ishererpx@multiply.com,Female,1.29,89.46,Business Development
935,Mara Waistall,13,mwaistallpy@instagram.com,Genderqueer,1.77,60.31,Product Management
936,Efrem Lewer,19,elewerpz@zdnet.com,Male,1.21,85.99,Services
937,Nelle Faucherand,18,nfaucherandq0@time.com,Female,1.9,72.56,Sales
938,Tobie Whitely,18,twhitelyq1@forbes.com,Male,1.59,76.03,Business Development
939,Phylis Durston,18,pdurstonq2@cmu.edu,Polygender,1.56,62.98,Legal
940,Lynelle Grimestone,17,lgrimestoneq3@dailymail.co.uk,Female,1.25,73.23,Support
941,Martie FitzGilbert,12,mfitzgilbertq4@163.com,Genderfluid,1.37,63.35,Product Management
942,Page Plumtree,15,pplumtreeq5@netscape.com,Male,1.48,64.41,Research and Development
943,Mel Oxburgh,12,moxburghq6@google.de,Male,1.45,79.59,Support
944,Peder Biggin,19,pbigginq7@sohu.com,Male,1.77,64.53,Marketing
945,Chaunce Edelmann,16,cedelmannq8@census.gov,Male,1.73,64.83,Product Management
946,Vale Dodshon,11,vdodshonq9@hibu.com,Male,1.51,64.91,Support
947,Tammy Jeakins,14,tjeakinsqa@accuweather.com,Male,1.43,62.9,Sales
948,Rubie Iorio,16,riorioqb@google.fr,Female,1.48,60.56,Engineering
949,Evita Wanne,16,ewanneqc@pinterest.com,Female,1.85,69.63,Human Resources
950,Marianna Tabart,17,mtabartqd@irs.gov,Female,1.07,72.85,Support
951,Scarface Minister,13,sministerqe@twitpic.com,Male,1.45,70.96,Engineering
952,Omar D'Avaux,13,odavauxqf@businessweek.com,Male,1.03,69.8,Legal
953,Fernanda Allatt,12,fallattqg@yandex.ru,Female,1.16,60.73,Human Resources
954,Kelsi Mabone,17,kmaboneqh@diigo.com,Female,1.77,87.48,Sales
955,Alanson Ogden,19,aogdenqi@europa.eu,Male,1.61,74.73,Accounting
956,Jens Butrimovich,16,jbutrimovichqj@state.gov,Male,1.55,73.92,Sales
957,Adamo Ricioppo,13,aricioppoqk@shareasale.com,Male,1.02,73.4,Marketing
958,Gay Pettifor,11,gpettiforql@who.int,Male,1.87,76.69,Business Development
959,Caril Kisar,18,ckisarqm@google.pl,Female,1.89,84.37,Training
960,Tamar Mirfin,14,tmirfinqn@economist.com,Female,1.09,62.43,Services
961,Gabbi Chalcot,13,gchalcotqo@ezinearticles.com,Female,1.48,60.53,Engineering
962,Jacky Dopson,18,jdopsonqp@comcast.net,Female,1.64,66.91,Marketing
963,Lewes McRavey,10,lmcraveyqq@yandex.ru,Male,1.59,72.82,Research and Development
964,Gayle Hrinchishin,17,ghrinchishinqr@yellowbook.com,Male,1.56,63.49,Accounting
965,Vladamir Carbonell,19,vcarbonellqs@edublogs.org,Male,1.63,80.51,Engineering
966,Felice Moncrieffe,13,fmoncrieffeqt@feedburner.com,Male,1.38,81.67,Business Development
967,Pearce Barnhart,17,pbarnhartqu@ucoz.com,Male,1.5,78.68,Accounting
968,Tressa Lough,15,tloughqv@nyu.edu,Female,1.58,63.19,Business Development
969,Leonerd Domico,18,ldomicoqw@goo.gl,Male,1.76,71.85,Sales
970,Jorie Byford,16,jbyfordqx@angelfire.com,Female,1.35,89.56,Training
971,Tessy Farguhar,17,tfarguharqy@statcounter.com,Female,1.08,70.55,Support
972,Prentiss Crummie,17,pcrummieqz@berkeley.edu,Male,1.81,63.31,Engineering
973,Bonnee Pulver,10,bpulverr0@meetup.com,Female,1.53,89.0,Human Resources
974,Nicol Gunston,12,ngunstonr1@digg.com,Female,1.84,61.57,Support
975,Bev Widdecombe,14,bwiddecomber2@people.com.cn,Male,1.4,86.57,Research and Development
976,Leo Bentz,15,lbentzr3@moonfruit.com,Male,1.86,72.84,Business Development
977,Teodorico Hastewell,10,thastewellr4@patch.com,Male,1.91,86.26,Support
978,Urson Tailby,12,utailbyr5@merriam-webster.com,Male,1.94,65.03,Business Development
979,Leonerd Piechnik,10,lpiechnikr6@unblog.fr,Male,1.09,72.24,Support
980,Di McMurthy,18,dmcmurthyr7@live.com,Genderqueer,1.9,60.37,Research and Development
981,Ardene Toner,17,atonerr8@fastcompany.com,Female,1.8,63.41,Accounting
982,Melvyn Haggart,10,mhaggartr9@hubpages.com,Male,1.41,81.61,Product Management
983,Cindy Ruzic,11,cruzicra@fastcompany.com,Female,1.46,75.23,Support
984,Denys Reihm,12,dreihmrb@123-reg.co.uk,Female,1.85,84.01,Research and Development
985,Debera Weepers,11,dweepersrc@cnn.com,Female,1.6,78.44,Engineering
986,Iago Whisker,16,iwhiskerrd@vkontakte.ru,Genderqueer,1.52,82.17,Legal
987,Peyton McRavey,17,pmcraveyre@123-reg.co.uk,Male,1.17,84.03,Support
988,Tremain Horning,15,thorningrf@accuweather.com,Male,1.55,61.08,Training
989,Merrielle Skoate,15,mskoaterg@mapquest.com,Female,1.55,74.24,Support
990,Noby O' Quirk,10,norh@dailymail.co.uk,Male,1.17,73.53,Sales
991,Irina Gallehock,11,igallehockri@artisteer.com,Genderfluid,1.41,71.94,Accounting
992,Thor Isson,17,tissonrj@google.pl,Male,1.22,64.2,Sales
993,Karee Maloney,16,kmaloneyrk@newyorker.com,Female,1.21,64.06,Product Management
994,Egon Kingwell,19,ekingwellrl@cisco.com,Male,1.12,65.87,Accounting
995,Ciel Joll,13,cjollrm@uiuc.edu,Female,1.95,79.21,Marketing
996,Kev Joyes,15,kjoyesrn@wsj.com,Male,1.92,74.51,Accounting
997,Hugues Voak,18,hvoakro@cnn.com,Male,1.31,68.53,Legal
998,Teddie Aizikovitch,17,taizikovitchrp@cnet.com,Female,1.93,75.21,Legal
999,Catharina Fraanchyonok,10,cfraanchyonokrq@ifeng.com,Female,1.45,68.49,Business Development
1000,Laney Copestake,11,lcopestakerr@woothemes.com,Male,1.02,65.52,Training
